﻿<?xml version="1.0" encoding="utf-8"?>
<!-- This list contains names with specific casing - and specific to Spanish only -->
<names>
  <blacklist />
  <name>Aang</name>
  <name>Aarón</name>
  <name>Abdulabri</name>
  <name>Abi</name>
  <name>Abu</name>
  <name>Aby</name>
  <name>Abyssiania</name>
  <name>Abyssus</name>
  <name>Acapulco</name>
  <name>Ace</name>
  <name>Adelyne</name>
  <name>ADN</name>
  <name>Aggy</name>
  <name>Agni</name>
  <name>Ahmadi</name>
  <name>Aimé</name>
  <name>Akbar</name>
  <name>Alaikum</name>
  <name>Álava</name>
  <name>Albeniz</name>
  <name>Alberta</name>
  <name>Albertus</name>
  <name>Albrecht</name>
  <name>Alcalá</name>
  <name>Aldust</name>
  <name>Alejandría</name>
  <name>Alí</name>
  <name>Alicie</name>
  <name>Allahh</name>
  <name>Allahu</name>
  <name>Allez</name>
  <name>Ålsgårde</name>
  <name>Alving</name>
  <name>Amager</name>
  <name>Amharic</name>
  <name>Amon</name>
  <name>Andersen</name>
  <name>Andrei</name>
  <name>Andrej</name>
  <name>Angaza</name>
  <name>Ángelo</name>
  <name>Angra</name>
  <name>Antabuse</name>
  <name>Apocalipsis</name>
  <name>Aqim</name>
  <name>Aquim</name>
  <name>Aragón</name>
  <name>Århus</name>
  <name>Ariella</name>
  <name>Arquimedeano</name>
  <name>Arrigo</name>
  <name>Arrivederci</name>
  <name>Asami</name>
  <name>Asbjørn</name>
  <name>Asclepio</name>
  <name>ASN</name>
  <name>Assim</name>
  <name>Aurelio</name>
  <name>Avner</name>
  <name>Avraham</name>
  <name>Axmali</name>
  <name>Ayrton</name>
  <name>Babarka</name>
  <name>Bagnone</name>
  <name>Balthic</name>
  <name>Banu</name>
  <name>Barbaka</name>
  <name>Barclays</name>
  <name>Bargello</name>
  <name>Barking</name>
  <name>Barmen</name>
  <name>Barnabis</name>
  <name>Barnowsky</name>
  <name>Baron</name>
  <name>Baroncelli</name>
  <name>Bartlett</name>
  <name>Basora</name>
  <name>Bath</name>
  <name>Bay</name>
  <name>Becchi</name>
  <name>Bechhi</name>
  <name>Bei</name>
  <name>Beifong</name>
  <name>Bellahøj</name>
  <name>Belo</name>
  <name>Benalda</name>
  <name>Benezet</name>
  <name>Bengt</name>
  <name>Benzodiacepina</name>
  <name>Bercy</name>
  <name>Bergeson</name>
  <name>Berlín</name>
  <name>Bernhardt</name>
  <name>Bernia</name>
  <name>Berrit</name>
  <name>Bertelsen</name>
  <name>Bertino</name>
  <name>Bertomeu</name>
  <name>Berzerk</name>
  <name>Besso</name>
  <name>Bierkeller</name>
  <name>Bill</name>
  <name>Bin</name>
  <name>Binghamton</name>
  <name>Birgit</name>
  <name>Birk</name>
  <name>Biscione</name>
  <name>Biskek</name>
  <name>Bjarne</name>
  <name>Black</name>
  <name>Blanc</name>
  <name>Blancanieves</name>
  <name>Blanche</name>
  <name>Blegdam</name>
  <name>Bobin</name>
  <name>Boccaccio</name>
  <name>Bodrum</name>
  <name>Boi</name>
  <name>Bolin</name>
  <name>Bologna</name>
  <name>Bonpland</name>
  <name>Bookstore</name>
  <name>Boomy</name>
  <name>Bora</name>
  <name>Borch</name>
  <name>Bornholm</name>
  <name>Bósforo</name>
  <name>Bosse</name>
  <name>Botticelli</name>
  <name>Boucher</name>
  <name>Boysen</name>
  <name>Branco</name>
  <name>Breitbart</name>
  <name>Bremer</name>
  <name>Breuil</name>
  <name>Briefing</name>
  <name>Brigit</name>
  <name>Britenay</name>
  <name>Brix</name>
  <name>Brnholm</name>
  <name>Brookside</name>
  <name>Brunellesch</name>
  <name>Brunetti</name>
  <name>Brunswick</name>
  <name>Bucaresk</name>
  <name>Buchard</name>
  <name>Buck</name>
  <name>Buckinghamshire</name>
  <name>Buckoma</name>
  <name>Buitenkant</name>
  <name>Bukhoma</name>
  <name>Bumi</name>
  <name>Buren</name>
  <name>Bush</name>
  <name>Butakha</name>
  <name>Büttner</name>
  <name>Cage</name>
  <name>Camila</name>
  <name>Cancún</name>
  <name>Canwell</name>
  <name>Capaldi</name>
  <name>Capella</name>
  <name>Carmencita</name>
  <name>Caron</name>
  <name>Carreiro</name>
  <name>Carrington</name>
  <name>Carver</name>
  <name>Casso</name>
  <name>Casson</name>
  <name>Castilla</name>
  <name>Caterina</name>
  <name>Celso</name>
  <name>Cemre</name>
  <name>CEO</name>
  <name>Champagne</name>
  <name>Charger</name>
  <name>Chateau</name>
  <name>Chelmsford</name>
  <name>Chemicals</name>
  <name>Cherie</name>
  <name>Chi</name>
  <name>Ching</name>
  <name>Christa</name>
  <name>Christiania</name>
  <name>Chubb</name>
  <name>Chung</name>
  <name>Cícera</name>
  <name>Cindie</name>
  <name>Clacy</name>
  <name>Claridon</name>
  <name>Claus</name>
  <name>Cleiton</name>
  <name>Cliff</name>
  <name>Clive</name>
  <name>Coben</name>
  <name>Coldfall</name>
  <name>Coldplay</name>
  <name>Conrand</name>
  <name>Constantinopla</name>
  <name>Copenhague</name>
  <name>Cornwall</name>
  <name>Cosimo</name>
  <name>Cousteau</name>
  <name>Crest</name>
  <name>Cruise</name>
  <name>Cubells</name>
  <name>Culbert</name>
  <name>Cupertino</name>
  <name>Curt</name>
  <name>Dahl</name>
  <name>Dalai</name>
  <name>Dancairo</name>
  <name>Daphnis</name>
  <name>DARPA</name>
  <name>Decamerón</name>
  <name>Deer</name>
  <name>Devers</name>
  <name>Devil</name>
  <name>Diamonds</name>
  <name>Dickens</name>
  <name>Didier</name>
  <name>Dieter</name>
  <name>Ditta</name>
  <name>Dodge</name>
  <name>Donatello</name>
  <name>Donati</name>
  <name>Dorthe</name>
  <name>Dotcom</name>
  <name>Dr</name>
  <name>Dra</name>
  <name>Dracul</name>
  <name>Dragonetti</name>
  <name>Dreyer</name>
  <name>Dugan</name>
  <name>Dugas</name>
  <name>Dursun</name>
  <name>Duus</name>
  <name>Ebro</name>
  <name>Edimburgo</name>
  <name>Edipo</name>
  <name>Ege</name>
  <name>Eggenschweiler</name>
  <name>Eggert</name>
  <name>Eiffel</name>
  <name>Eisenhower</name>
  <name>Eladio</name>
  <name>Elgabhri</name>
  <name>Elgahbri</name>
  <name>Elías</name>
  <name>Elise</name>
  <name>Ellebjerg</name>
  <name>Eller</name>
  <name>Emibidlana</name>
  <name>Emiratos</name>
  <name>Enzo</name>
  <name>Ercan</name>
  <name>Erestad</name>
  <name>Errit</name>
  <name>Escamillo</name>
  <name>Escuch</name>
  <name>Espergærde</name>
  <name>Estambul</name>
  <name>Estocolmo</name>
  <name>Eton</name>
  <name>EUA</name>
  <name>Eurípides</name>
  <name>Eurostar</name>
  <name>Extremadura</name>
  <name>Fadl</name>
  <name>Falmouth</name>
  <name>Falstaff</name>
  <name>FARC</name>
  <name>Faris</name>
  <name>Farouk</name>
  <name>Farshad</name>
  <name>Farum</name>
  <name>Fazad</name>
  <name>Feraday</name>
  <name>Filip</name>
  <name>Filius</name>
  <name>Finnegan</name>
  <name>Finsen</name>
  <name>Fischer</name>
  <name>Florencia</name>
  <name>Fong</name>
  <name>Fox</name>
  <name>Foxtrot</name>
  <name>Fradlam</name>
  <name>Francesco</name>
  <name>Fredereick</name>
  <name>Frederiksholm</name>
  <name>Fredy</name>
  <name>Freelance</name>
  <name>Freiberg</name>
  <name>Freight</name>
  <name>Frieder</name>
  <name>Friedrich</name>
  <name>Fuengirola</name>
  <name>Funen</name>
  <name>Furtwängler</name>
  <name>Gadafi</name>
  <name>Gaddafi</name>
  <name>Galicia</name>
  <name>Gammelgård</name>
  <name>Gårdmand</name>
  <name>Gare</name>
  <name>Gareth</name>
  <name>Gårmand</name>
  <name>Gassam</name>
  <name>Gaudí</name>
  <name>Gauss</name>
  <name>Geertsen</name>
  <name>Gémenos</name>
  <name>Gendarmenmarkt</name>
  <name>Gene</name>
  <name>Genevaldo</name>
  <name>Gentile</name>
  <name>Geoffroy</name>
  <name>Geopolítica</name>
  <name>Ghirlandaio</name>
  <name>Ghost</name>
  <name>Ghraib</name>
  <name>Gianni</name>
  <name>Gilligan</name>
  <name>Ginecología</name>
  <name>Ginevra</name>
  <name>Girolamo</name>
  <name>Giuliano</name>
  <name>Glantarnich</name>
  <name>Glasson</name>
  <name>Glenfinnan</name>
  <name>Gode</name>
  <name>Gomorra</name>
  <name>Gopal</name>
  <name>Goya</name>
  <name>Graber</name>
  <name>Grace</name>
  <name>Gracienne</name>
  <name>Grandview</name>
  <name>Grasso</name>
  <name>Gregersen</name>
  <name>Gretz</name>
  <name>Grunwald</name>
  <name>Gry</name>
  <name>Gualberto</name>
  <name>Guan</name>
  <name>Guang</name>
  <name>Guariba</name>
  <name>Gülten</name>
  <name>Güney</name>
  <name>Gür</name>
  <name>Gustavsson</name>
  <name>Halifax</name>
  <name>Halland</name>
  <name>Halliwey</name>
  <name>Hamaq</name>
  <name>Hamburgo</name>
  <name>HAMME</name>
  <name>Handan</name>
  <name>Hans</name>
  <name>Hanson</name>
  <name>Harare</name>
  <name>Harbour</name>
  <name>Harlesden</name>
  <name>Harlow</name>
  <name>Hartmann</name>
  <name>Hasook</name>
  <name>Hatay</name>
  <name>Hathaways</name>
  <name>Haussmann</name>
  <name>Haylie</name>
  <name>Hayward</name>
  <name>Hazan</name>
  <name>HDC</name>
  <name>Hearper</name>
  <name>Heaton</name>
  <name>Heel</name>
  <name>Heglberg</name>
  <name>Hegn</name>
  <name>Helene</name>
  <name>Hellar</name>
  <name>Hellard</name>
  <name>Hellebæk</name>
  <name>Helmand</name>
  <name>Helsingor</name>
  <name>Helsingør</name>
  <name>Henning</name>
  <name>Hepburn</name>
  <name>Herlufsholm</name>
  <name>Hickman</name>
  <name>High</name>
  <name>Highway</name>
  <name>Hilde</name>
  <name>Hillbrow</name>
  <name>Hills</name>
  <name>Himalaya</name>
  <name>Hipólito</name>
  <name>Hiroshi</name>
  <name>Hitoshi</name>
  <name>Hodge</name>
  <name>Hogan</name>
  <name>Hoggar</name>
  <name>Høje</name>
  <name>Holbaek</name>
  <name>Holbæk</name>
  <name>Hornbæk</name>
  <name>Horsens</name>
  <name>Hulk</name>
  <name>Hulun</name>
  <name>Humbley</name>
  <name>Humboldt</name>
  <name>Hundested</name>
  <name>Huseyin</name>
  <name>IAEA</name>
  <name>Ibsen</name>
  <name>Icarus</name>
  <name>Ifigenia</name>
  <name>Ignis</name>
  <name>Igualistas</name>
  <name>Ikki</name>
  <name>Ilizi</name>
  <name>Imifula</name>
  <name>Immanuel</name>
  <name>Ingram</name>
  <name>Interpol</name>
  <name>IP</name>
  <name>Ipanema</name>
  <name>Iroh</name>
  <name>Jacopo</name>
  <name>Janaína</name>
  <name>Jannik</name>
  <name>Jardim</name>
  <name>Jens</name>
  <name>Jinora</name>
  <name>João</name>
  <name>Johan</name>
  <name>Johanna</name>
  <name>Johannesburgo</name>
  <name>Jolie</name>
  <name>Jørgensen</name>
  <name>Julebæk</name>
  <name>Juncker</name>
  <name>Jurgen</name>
  <name>Jutland</name>
  <name>Kagan</name>
  <name>Kai</name>
  <name>Kalay</name>
  <name>Kalish</name>
  <name>Kalishkanov</name>
  <name>Kalishlanov</name>
  <name>Kampala</name>
  <name>Kamper</name>
  <name>Kandahar</name>
  <name>Kandinsky</name>
  <name>Kandinskys</name>
  <name>Kant</name>
  <name>Karin</name>
  <name>Katara</name>
  <name>Kay</name>
  <name>Kaya</name>
  <name>Kazuo</name>
  <name>Keemal</name>
  <name>Kellers</name>
  <name>Kenia</name>
  <name>Kepi</name>
  <name>Kerry</name>
  <name>Kestrel</name>
  <name>Kevlar</name>
  <name>Khafir</name>
  <name>Kiang</name>
  <name>Kinder</name>
  <name>Kinshasa</name>
  <name>Kitkat</name>
  <name>Kleinberg</name>
  <name>Kluge</name>
  <name>Knox</name>
  <name>Kohl</name>
  <name>Königsberg</name>
  <name>Kornerup</name>
  <name>Korra</name>
  <name>Kristian</name>
  <name>Kristoffer</name>
  <name>Krohn</name>
  <name>Kueresh</name>
  <name>Kulhuse</name>
  <name>Kung</name>
  <name>Kuzey</name>
  <name>Kuznetsova</name>
  <name>Labratta</name>
  <name>Lacour</name>
  <name>LaCour</name>
  <name>Laden</name>
  <name>Lamborghini</name>
  <name>Lanario</name>
  <name>Latimer</name>
  <name>Leafs</name>
  <name>Lebech</name>
  <name>LeFevre</name>
  <name>Leif</name>
  <name>Leonie</name>
  <name>Leonore</name>
  <name>Lerches</name>
  <name>Levi</name>
  <name>Leyla</name>
  <name>Lilian</name>
  <name>Lillas</name>
  <name>Limpopo</name>
  <name>Lin</name>
  <name>Linarcos</name>
  <name>Linneo</name>
  <name>Lise</name>
  <name>Lisístrata</name>
  <name>Lizarrabengoa</name>
  <name>Llorens</name>
  <name>Locust</name>
  <name>Lombard</name>
  <name>Londres</name>
  <name>Lone</name>
  <name>Lorelei</name>
  <name>Lotte</name>
  <name>Loup</name>
  <name>Lozenge</name>
  <name>Lucrezia</name>
  <name>Lund</name>
  <name>Lung</name>
  <name>Lutulu</name>
  <name>Lützchen</name>
  <name>Lybge</name>
  <name>Lycosidae</name>
  <name>Lyngby</name>
  <name>Lynge</name>
  <name>Maalin</name>
  <name>Madaki</name>
  <name>Madame</name>
  <name>Mademoiselle</name>
  <name>Madoff</name>
  <name>Maffei</name>
  <name>Maggiore</name>
  <name>Magreb</name>
  <name>Mako</name>
  <name>Mallorca</name>
  <name>Manaus</name>
  <name>Manders</name>
  <name>Manenberg</name>
  <name>Mangus</name>
  <name>Manila</name>
  <name>Manu</name>
  <name>Manuelita</name>
  <name>Mañez</name>
  <name>Maple</name>
  <name>Marcel</name>
  <name>Marcgravia</name>
  <name>Marck</name>
  <name>Mardeti</name>
  <name>Mardin</name>
  <name>Margherita</name>
  <name>Marisol</name>
  <name>Mark</name>
  <name>Markunda</name>
  <name>Marquinho</name>
  <name>Marsella</name>
  <name>Marston</name>
  <name>Masobe</name>
  <name>Matevski</name>
  <name>Mathias</name>
  <name>Mathías</name>
  <name>Matías</name>
  <name>Matlock</name>
  <name>Matos</name>
  <name>Mauga</name>
  <name>Maurizio</name>
  <name>Maxamed</name>
  <name>McLaren</name>
  <name>Medea</name>
  <name>Medici</name>
  <name>Medicis</name>
  <name>Meelo</name>
  <name>Mehmed</name>
  <name>Méjico</name>
  <name>Menchu</name>
  <name>Menéndez</name>
  <name>Merci</name>
  <name>Merck</name>
  <name>Mercuri</name>
  <name>Mercy</name>
  <name>Merve</name>
  <name>Metropole</name>
  <name>Mette</name>
  <name>Meyer</name>
  <name>Micaela</name>
  <name>Mikem</name>
  <name>Miladi</name>
  <name>Milo</name>
  <name>Mim</name>
  <name>Ming</name>
  <name>Minna</name>
  <name>Mischa</name>
  <name>Misent</name>
  <name>Missan</name>
  <name>MIT</name>
  <name>Mithras</name>
  <name>Mitterrand</name>
  <name>Mogadiscio</name>
  <name>Mogadishu</name>
  <name>Mogoto</name>
  <name>Møller</name>
  <name>Mombasa</name>
  <name>Monsieur</name>
  <name>Monster</name>
  <name>Montefeltro</name>
  <name>Monteluz</name>
  <name>Moody</name>
  <name>Morajo</name>
  <name>Moriarty</name>
  <name>Morrison</name>
  <name>Morten</name>
  <name>Moz</name>
  <name>Mugabe</name>
  <name>Muhammad</name>
  <name>Müller</name>
  <name>Mullor</name>
  <name>Munk</name>
  <name>Muppets</name>
  <name>Murnau</name>
  <name>Musina</name>
  <name>Mustang</name>
  <name>Naciye</name>
  <name>Naga</name>
  <name>Namik</name>
  <name>Nápoles</name>
  <name>Narook</name>
  <name>Navona</name>
  <name>Nazar</name>
  <name>Nazzareno</name>
  <name>Ned</name>
  <name>Neely</name>
  <name>Neguiño</name>
  <name>Neptuno</name>
  <name>Nic</name>
  <name>Niccolo</name>
  <name>Nicolai</name>
  <name>Niels</name>
  <name>Ning</name>
  <name>Niterói</name>
  <name>Niza</name>
  <name>Noatak</name>
  <name>Noli</name>
  <name>Nord</name>
  <name>Nordvang</name>
  <name>Nørreport</name>
  <name>Nostromo</name>
  <name>Nurrebro</name>
  <name>Nyborg</name>
  <name>Nyendeni</name>
  <name>Oakes</name>
  <name>Oakley</name>
  <name>O'Bannon</name>
  <name>Odense</name>
  <name>Ogbai</name>
  <name>Ohms</name>
  <name>Ohno</name>
  <name>Oktoberfest</name>
  <name>Olusu</name>
  <name>ONU</name>
  <name>Oogi</name>
  <name>Øresund</name>
  <name>Ori</name>
  <name>Oriana</name>
  <name>Orlande</name>
  <name>Orsini</name>
  <name>Oslo</name>
  <name>Osman</name>
  <name>Oswald</name>
  <name>OTAN</name>
  <name>Othmani</name>
  <name>Ottavia</name>
  <name>Ozzy</name>
  <name>Pabu</name>
  <name>Pama</name>
  <name>París</name>
  <name>Park</name>
  <name>Pastia</name>
  <name>Pathfinder</name>
  <name>Patsy</name>
  <name>Pazzi</name>
  <name>Pazzis</name>
  <name>Pekín</name>
  <name>Pema</name>
  <name>Penny</name>
  <name>Pensilvania</name>
  <name>Pepete</name>
  <name>Pernille</name>
  <name>Perséfone</name>
  <name>Perugino</name>
  <name>Petros</name>
  <name>Piazza</name>
  <name>Piero</name>
  <name>Pietro</name>
  <name>Pilsner</name>
  <name>Ping</name>
  <name>Piotr</name>
  <name>Piratininga</name>
  <name>Pitch</name>
  <name>Playboy</name>
  <name>Pleasance</name>
  <name>PM</name>
  <name>Poenari</name>
  <name>Poivre</name>
  <name>Ponce</name>
  <name>Pong</name>
  <name>Pontal</name>
  <name>Port</name>
  <name>Potsdam</name>
  <name>Praga</name>
  <name>Preben</name>
  <name>Priori</name>
  <name>Priscila</name>
  <name>Provenza</name>
  <name>Prusia</name>
  <name>Punka</name>
  <name>Qaeda</name>
  <name>Qani</name>
  <name>Quattrone</name>
  <name>Quays</name>
  <name>Queens</name>
  <name>Quist</name>
  <name>Quong</name>
  <name>Radebe</name>
  <name>Rafik</name>
  <name>Rahim</name>
  <name>Rai</name>
  <name>Raine</name>
  <name>Ralston</name>
  <name>Rampton</name>
  <name>Ramsay</name>
  <name>Randi</name>
  <name>Reading</name>
  <name>Redstar</name>
  <name>Reinhardt</name>
  <name>René</name>
  <name>Riario</name>
  <name>Rich</name>
  <name>Rickel</name>
  <name>Rickmond</name>
  <name>Rie</name>
  <name>Rihanna</name>
  <name>Rikke</name>
  <name>Rikkie</name>
  <name>River</name>
  <name>Road</name>
  <name>Roco</name>
  <name>Roddenberry</name>
  <name>Roderick</name>
  <name>Rogo</name>
  <name>Rohan</name>
  <name>Rohypnol</name>
  <name>Romalis</name>
  <name>Romford</name>
  <name>Rómulo</name>
  <name>Rosetta</name>
  <name>Roshan</name>
  <name>Rotenone</name>
  <name>Rottweiler</name>
  <name>Rover</name>
  <name>Royal</name>
  <name>Ruanda</name>
  <name>Ruddi</name>
  <name>Rudi</name>
  <name>Rytterparken</name>
  <name>Sadaavi</name>
  <name>Saikhan</name>
  <name>Salaam</name>
  <name>Salt</name>
  <name>Saltarelli</name>
  <name>Salters</name>
  <name>Salviati</name>
  <name>Sami</name>
  <name>Samson</name>
  <name>Samurai</name>
  <name>Sand</name>
  <name>Sandhills</name>
  <name>Sandro</name>
  <name>Sangora</name>
  <name>São</name>
  <name>Sarcós</name>
  <name>Sariyer</name>
  <name>Sark</name>
  <name>Sartre</name>
  <name>SAS</name>
  <name>Satán</name>
  <name>Schandorff</name>
  <name>Scheisse</name>
  <name>Schnell</name>
  <name>Scout</name>
  <name>Scozzi</name>
  <name>SEAL</name>
  <name>SEALS</name>
  <name>Sebastien</name>
  <name>Sedona</name>
  <name>Sejer</name>
  <name>Senna</name>
  <name>Serra</name>
  <name>Severe</name>
  <name>Sevilla</name>
  <name>Seyfi</name>
  <name>Sforza</name>
  <name>Shabaab</name>
  <name>Shady</name>
  <name>Shah</name>
  <name>Shangai</name>
  <name>Shaozu</name>
  <name>Shkuro</name>
  <name>Shona</name>
  <name>Sid</name>
  <name>Signora</name>
  <name>Sigtuna</name>
  <name>Silicon</name>
  <name>Silkeborg</name>
  <name>Simay</name>
  <name>Simonsen</name>
  <name>Sinclair</name>
  <name>Sinequanon</name>
  <name>Sixto</name>
  <name>Skoochy</name>
  <name>Skovgaard</name>
  <name>Skudeløbet</name>
  <name>Smart</name>
  <name>Snake</name>
  <name>Sneddon</name>
  <name>Sodoma</name>
  <name>Sokka</name>
  <name>Soloviov</name>
  <name>Søren</name>
  <name>Sørensen</name>
  <name>SOS</name>
  <name>Southampton</name>
  <name>Souto</name>
  <name>SPA</name>
  <name>Sr</name>
  <name>Sra</name>
  <name>Srta</name>
  <name>SSD</name>
  <name>Staffan</name>
  <name>Stalingrado</name>
  <name>Stallwood</name>
  <name>Stamford</name>
  <name>Star</name>
  <name>Starck</name>
  <name>Steen</name>
  <name>Stellenbosch</name>
  <name>Stepney</name>
  <name>Stone</name>
  <name>Stonebridge</name>
  <name>Stratford</name>
  <name>Strelitzia</name>
  <name>Strindberg</name>
  <name>Sturges</name>
  <name>Sturlads</name>
  <name>Stype</name>
  <name>Suisse</name>
  <name>Sujic</name>
  <name>Sulaimani</name>
  <name>Sune</name>
  <name>Sunnyvale</name>
  <name>Surrey</name>
  <name>Suzette</name>
  <name>Svendborg</name>
  <name>Swiller</name>
  <name>Synequanon</name>
  <name>Tadeo</name>
  <name>Tafiq</name>
  <name>Taft</name>
  <name>Tahno</name>
  <name>Támesis</name>
  <name>Tang</name>
  <name>Tánger</name>
  <name>Tanztheater</name>
  <name>Tarconi</name>
  <name>Tariq</name>
  <name>Tarrant</name>
  <name>Tarrlok</name>
  <name>Tasers</name>
  <name>Tassini</name>
  <name>Tåstrup</name>
  <name>Teeth</name>
  <name>Teglstrup</name>
  <name>Tehuantepec</name>
  <name>Tekinoglu</name>
  <name>Tekinoğlu</name>
  <name>Tenzil</name>
  <name>Tenzin</name>
  <name>Terese</name>
  <name>Terrense</name>
  <name>Theis</name>
  <name>Therese</name>
  <name>Thierry</name>
  <name>Thomsen</name>
  <name>Tijuca</name>
  <name>Tobías</name>
  <name>Tolfa</name>
  <name>Tolfan</name>
  <name>Tolin</name>
  <name>Tolkien</name>
  <name>Tolya</name>
  <name>Tom</name>
  <name>Tomás</name>
  <name>Tomeu</name>
  <name>Toph</name>
  <name>Torquemada</name>
  <name>Traian</name>
  <name>Transilvania</name>
  <name>Traymore</name>
  <name>Trek</name>
  <name>Trekkies</name>
  <name>Tríada</name>
  <name>Troels</name>
  <name>Troense</name>
  <name>Trotwood</name>
  <name>Troya</name>
  <name>Trumpf</name>
  <name>Tsegga</name>
  <name>Tuareg</name>
  <name>Tuaregs</name>
  <name>Tuica</name>
  <name>Tungsten</name>
  <name>Tunguska</name>
  <name>Turlock</name>
  <name>Ud</name>
  <name>Ulf</name>
  <name>Ulrik</name>
  <name>Umal</name>
  <name>Urbino</name>
  <name>URSS</name>
  <name>Vagn</name>
  <name>Valdano</name>
  <name>Valero</name>
  <name>Vallachia</name>
  <name>Valley</name>
  <name>VANCE</name>
  <name>Vasbygade</name>
  <name>Vejle</name>
  <name>Venez</name>
  <name>Verrier</name>
  <name>Verrocchio</name>
  <name>Verrochio</name>
  <name>Vesterport</name>
  <name>Vian</name>
  <name>Vinci</name>
  <name>Visconti</name>
  <name>Viv</name>
  <name>Vlad</name>
  <name>Vladislaus</name>
  <name>Volderslev</name>
  <name>Volker</name>
  <name>Waabri</name>
  <name>Wafer</name>
  <name>Wallachia</name>
  <name>Wardenclyfee</name>
  <name>Wardenclyffe</name>
  <name>Warp</name>
  <name>Weimar</name>
  <name>Westlund</name>
  <name>Wetslund</name>
  <name>Whisperer</name>
  <name>Whitechapel</name>
  <name>Whitehall</name>
  <name>Wiener</name>
  <name>Wikileaks</name>
  <name>Wilkes</name>
  <name>Will</name>
  <name>Willow</name>
  <name>Winger</name>
  <name>Winslow</name>
  <name>Wole</name>
  <name>Wolf</name>
  <name>Wong</name>
  <name>Wuppertal</name>
  <name>XIII</name>
  <name>Xu</name>
  <name>XXI</name>
  <name>Yakon</name>
  <name>Yakone</name>
  <name>Yasemin</name>
  <name>Yihad</name>
  <name>Yomo</name>
  <name>Yorkville</name>
  <name>Yoruba</name>
  <name>Yu</name>
  <name>Yuans</name>
  <name>YUNNAN</name>
  <name>Zabalda</name>
  <name>Zanu</name>
  <name>Zarrategui</name>
  <name>Zavrov</name>
  <name>Zé</name>
  <name>Zeeland</name>
  <name>Zero</name>
  <name>Zeuthen</name>
  <name>Zeziño</name>
  <name>Zimbabue</name>
  <name>Zitto</name>
  <name>Zo</name>
  <name>Zodiac</name>
  <name>Zolt</name>
  <name>Zoraster</name>
  <name>Zoroastro</name>
  <name>Zuko</name>
  <name>Zulú</name>
</names>