﻿<?xml version="1.0" encoding="utf-8"?>
<!-- This list contains names with specific casing - and specific to Russian only -->
<names>
  <blacklist />
  <name>Абакум</name>
  <name>Абакумович</name>
  <name>Абакумовна</name>
  <name>Абрам</name>
  <name>Абрамович</name>
  <name>Абрамовна</name>
  <name>Абросим</name>
  <name>Абросимович</name>
  <name>Абросимовна</name>
  <name>Аввакум</name>
  <name>Аввакумович</name>
  <name>Аввакумовна</name>
  <name>Август</name>
  <name>Августа</name>
  <name>Августина</name>
  <name>Августович</name>
  <name>Августовна</name>
  <name>Авдеевич</name>
  <name>Авдеевна</name>
  <name>Авдей</name>
  <name>Авдиевич</name>
  <name>Авдиевна</name>
  <name>Авдий</name>
  <name>Авдотья</name>
  <name>Авелевич</name>
  <name>Авелевна</name>
  <name>Авель</name>
  <name>Авенир</name>
  <name>Авенирович</name>
  <name>Авенировна</name>
  <name>Авериевич</name>
  <name>Авериевна</name>
  <name>Аверий</name>
  <name>Аверкиевич</name>
  <name>Аверкиевна</name>
  <name>Аверкий</name>
  <name>Аверьян</name>
  <name>Аверьянович</name>
  <name>Аверьяновна</name>
  <name>Авксентиевич</name>
  <name>Авксентиевна</name>
  <name>Авксентий</name>
  <name>Авксентьевич</name>
  <name>Авксентьевна</name>
  <name>Авраам</name>
  <name>Авраамиевич</name>
  <name>Авраамиевна</name>
  <name>Авраамий</name>
  <name>Авраамович</name>
  <name>Авраамовна</name>
  <name>Авраамьевич</name>
  <name>Авраамьевна</name>
  <name>Аврам</name>
  <name>Аврамиевич</name>
  <name>Аврамиевна</name>
  <name>Аврамий</name>
  <name>Аврамович</name>
  <name>Аврамовна</name>
  <name>Аврамьевич</name>
  <name>Аврамьевна</name>
  <name>Аврелиан</name>
  <name>Аврелианович</name>
  <name>Аврелиановна</name>
  <name>Аврелия</name>
  <name>Аврея</name>
  <name>Аврора</name>
  <name>Автоном</name>
  <name>Автономович</name>
  <name>Автономовна</name>
  <name>Агап</name>
  <name>Агапа</name>
  <name>Агапиевич</name>
  <name>Агапиевна</name>
  <name>Агапий</name>
  <name>Агапит</name>
  <name>Агапитович</name>
  <name>Агапитовна</name>
  <name>Агапия</name>
  <name>Агапович</name>
  <name>Агаповна</name>
  <name>Агапьевич</name>
  <name>Агапьевна</name>
  <name>Агарь</name>
  <name>Агата</name>
  <name>Агафа</name>
  <name>Агафангел</name>
  <name>Агафангелович</name>
  <name>Агафангеловна</name>
  <name>Агафия</name>
  <name>Агафоклия</name>
  <name>Агафон</name>
  <name>Агафоника</name>
  <name>Агафонович</name>
  <name>Агафоновна</name>
  <name>Агафья</name>
  <name>Аггеевич</name>
  <name>Аггеевна</name>
  <name>Аггей</name>
  <name>Аглаида</name>
  <name>Аглая</name>
  <name>Агнесса</name>
  <name>Агния</name>
  <name>Аграфена</name>
  <name>Агриппина</name>
  <name>Ада</name>
  <name>Адам</name>
  <name>Адамович</name>
  <name>Адамовна</name>
  <name>Аделаида</name>
  <name>Аделина</name>
  <name>Аделла</name>
  <name>Адель</name>
  <name>Адельфина</name>
  <name>Адина</name>
  <name>Адолия</name>
  <name>Адриан</name>
  <name>Адриана</name>
  <name>Адрианович</name>
  <name>Адриановна</name>
  <name>Аза</name>
  <name>Азалия</name>
  <name>Азар</name>
  <name>Азариевич</name>
  <name>Азариевна</name>
  <name>Азарий</name>
  <name>Азарович</name>
  <name>Азаровна</name>
  <name>Азарьевич</name>
  <name>Азарьевна</name>
  <name>Азелла</name>
  <name>Аида</name>
  <name>Акакиевич</name>
  <name>Акакиевна</name>
  <name>Акакий</name>
  <name>Акила</name>
  <name>Акилина</name>
  <name>Акилович</name>
  <name>Акиловна</name>
  <name>Аким</name>
  <name>Акимович</name>
  <name>Акимовна</name>
  <name>Акиндин</name>
  <name>Акиндинович</name>
  <name>Акиндиновна</name>
  <name>Акинф</name>
  <name>Акинфиевич</name>
  <name>Акинфиевна</name>
  <name>Акинфий</name>
  <name>Акинфович</name>
  <name>Акинфовна</name>
  <name>Акинфьевич</name>
  <name>Акинфьевна</name>
  <name>Аксён</name>
  <name>Аксёнович</name>
  <name>Аксёновна</name>
  <name>Аксентиевич</name>
  <name>Аксентиевна</name>
  <name>Аксентий</name>
  <name>Аксентьевич</name>
  <name>Аксентьевна</name>
  <name>Аксиния</name>
  <name>Аксинья</name>
  <name>Акулина</name>
  <name>Алевтина</name>
  <name>Александр</name>
  <name>Александра</name>
  <name>Александрина</name>
  <name>Александрович</name>
  <name>Александровна</name>
  <name>Алексеевич</name>
  <name>Алексеевна</name>
  <name>Алексей</name>
  <name>Алексиевич</name>
  <name>Алексиевна</name>
  <name>Алексий</name>
  <name>Алексина</name>
  <name>Алёна</name>
  <name>Алина</name>
  <name>Алиса</name>
  <name>Алла</name>
  <name>Алфея</name>
  <name>Альберт</name>
  <name>Альберта</name>
  <name>Альбертина</name>
  <name>Альбертович</name>
  <name>Альбертовна</name>
  <name>Альбина</name>
  <name>Альвина</name>
  <name>Альфия</name>
  <name>Альфред</name>
  <name>Альфредович</name>
  <name>Альфредовна</name>
  <name>Амалия</name>
  <name>Амата</name>
  <name>Амвросиевич</name>
  <name>Амвросиевна</name>
  <name>Амвросий</name>
  <name>Амвросьевич</name>
  <name>Амвросьевна</name>
  <name>Амелфа</name>
  <name>Амос</name>
  <name>Амосович</name>
  <name>Амосовна</name>
  <name>Амфилохиевич</name>
  <name>Амфилохиевна</name>
  <name>Амфилохий</name>
  <name>Амфилохьевич</name>
  <name>Амфилохьевна</name>
  <name>Ананиевич</name>
  <name>Ананиевна</name>
  <name>Ананий</name>
  <name>Ананьевич</name>
  <name>Ананьевна</name>
  <name>Анастасиевич</name>
  <name>Анастасиевна</name>
  <name>Анастасий</name>
  <name>Анастасия</name>
  <name>Анастасьевич</name>
  <name>Анастасьевна</name>
  <name>Анатолиевич</name>
  <name>Анатолиевна</name>
  <name>Анатолий</name>
  <name>Анатолия</name>
  <name>Анатольевич</name>
  <name>Анатольевна</name>
  <name>Ангела</name>
  <name>Ангелика</name>
  <name>Ангелина</name>
  <name>Анджела</name>
  <name>Андреевич</name>
  <name>Андреевна</name>
  <name>Андрей</name>
  <name>Андрея</name>
  <name>Андриан</name>
  <name>Андрианович</name>
  <name>Андриановна</name>
  <name>Андрон</name>
  <name>Андрона</name>
  <name>Андрониевич</name>
  <name>Андрониевна</name>
  <name>Андроний</name>
  <name>Андроник</name>
  <name>Андроника</name>
  <name>Андроникович</name>
  <name>Андрониковна</name>
  <name>Андронович</name>
  <name>Андроновна</name>
  <name>Андроньевич</name>
  <name>Андроньевна</name>
  <name>Анект</name>
  <name>Анектович</name>
  <name>Анектовна</name>
  <name>Анемподист</name>
  <name>Анемподистович</name>
  <name>Анемподистовна</name>
  <name>Анжела</name>
  <name>Анжелика</name>
  <name>Аникеевич</name>
  <name>Аникеевна</name>
  <name>Аникей</name>
  <name>Аникиевич</name>
  <name>Аникиевна</name>
  <name>Аникий</name>
  <name>Аникита</name>
  <name>Аникитич</name>
  <name>Аникитична</name>
  <name>Анисиевич</name>
  <name>Анисиевна</name>
  <name>Анисий</name>
  <name>Анисим</name>
  <name>Анисимович</name>
  <name>Анисимовна</name>
  <name>Анисия</name>
  <name>Анисьевич</name>
  <name>Анисьевна</name>
  <name>Анисья</name>
  <name>Анна</name>
  <name>Антигона</name>
  <name>Антиох</name>
  <name>Антиохович</name>
  <name>Антиоховна</name>
  <name>Антип</name>
  <name>Антипа</name>
  <name>Антипиевич</name>
  <name>Антипиевна</name>
  <name>Антипий</name>
  <name>Антипич</name>
  <name>Антипична</name>
  <name>Антипович</name>
  <name>Антиповна</name>
  <name>Антипьевич</name>
  <name>Антипьевна</name>
  <name>Антон</name>
  <name>Антониана</name>
  <name>Антонида</name>
  <name>Антонин</name>
  <name>Антонина</name>
  <name>Антонинович</name>
  <name>Антониновна</name>
  <name>Антония</name>
  <name>Антонович</name>
  <name>Антоновна</name>
  <name>Антроп</name>
  <name>Антропиевич</name>
  <name>Антропиевна</name>
  <name>Антропий</name>
  <name>Антропович</name>
  <name>Антроповна</name>
  <name>Антропьевич</name>
  <name>Антропьевна</name>
  <name>Ануфриевич</name>
  <name>Ануфриевна</name>
  <name>Ануфрий</name>
  <name>Анфима</name>
  <name>Анфиса</name>
  <name>Анфия</name>
  <name>Анфуса</name>
  <name>Аполлинариевич</name>
  <name>Аполлинариевна</name>
  <name>Аполлинарий</name>
  <name>Аполлинария</name>
  <name>Аполлинарьевич</name>
  <name>Аполлинарьевна</name>
  <name>Аполлон</name>
  <name>Аполлония</name>
  <name>Аполлонович</name>
  <name>Аполлоновна</name>
  <name>Аполлос</name>
  <name>Аполлосович</name>
  <name>Аполлосовна</name>
  <name>Апраксия</name>
  <name>Апрелия</name>
  <name>Апфия</name>
  <name>Аргентея</name>
  <name>Ардалион</name>
  <name>Ардалионович</name>
  <name>Ардалионовна</name>
  <name>Ардальон</name>
  <name>Ардальонович</name>
  <name>Ардальоновна</name>
  <name>Ареф</name>
  <name>Арефиевич</name>
  <name>Арефиевна</name>
  <name>Арефий</name>
  <name>Арефович</name>
  <name>Арефовна</name>
  <name>Арефьевич</name>
  <name>Арефьевна</name>
  <name>Ариадна</name>
  <name>Ариевич</name>
  <name>Ариевна</name>
  <name>Арий</name>
  <name>Арина</name>
  <name>Аристарх</name>
  <name>Аристархович</name>
  <name>Аристарховна</name>
  <name>Аристид</name>
  <name>Аристидович</name>
  <name>Аристидовна</name>
  <name>Ария</name>
  <name>Аркадиевич</name>
  <name>Аркадиевна</name>
  <name>Аркадий</name>
  <name>Аркадьевич</name>
  <name>Аркадьевна</name>
  <name>Арминия</name>
  <name>Арнольд</name>
  <name>Арнольдович</name>
  <name>Арнольдовна</name>
  <name>Арон</name>
  <name>Аронович</name>
  <name>Ароновна</name>
  <name>Арсен</name>
  <name>Арсениевич</name>
  <name>Арсениевна</name>
  <name>Арсений</name>
  <name>Арсения</name>
  <name>Арсенович</name>
  <name>Арсеновна</name>
  <name>Арсентиевич</name>
  <name>Арсентиевна</name>
  <name>Арсентий</name>
  <name>Арсентьевич</name>
  <name>Арсентьевна</name>
  <name>Арсеньевич</name>
  <name>Арсеньевна</name>
  <name>Артамон</name>
  <name>Артамонович</name>
  <name>Артамоновна</name>
  <name>Артём</name>
  <name>Артемида</name>
  <name>Артемиевич</name>
  <name>Артемиевна</name>
  <name>Артемий</name>
  <name>Артемия</name>
  <name>Артёмович</name>
  <name>Артёмовна</name>
  <name>Артемьевич</name>
  <name>Артемьевна</name>
  <name>Артур</name>
  <name>Артурович</name>
  <name>Артуровна</name>
  <name>Архип</name>
  <name>Архипович</name>
  <name>Архиповна</name>
  <name>Арьевич</name>
  <name>Арьевна</name>
  <name>Асаф</name>
  <name>Асафиевич</name>
  <name>Асафиевна</name>
  <name>Асафий</name>
  <name>Асафович</name>
  <name>Асафовна</name>
  <name>Асафьевич</name>
  <name>Асафьевна</name>
  <name>Аскольд</name>
  <name>Аскольдович</name>
  <name>Аскольдовна</name>
  <name>Аста</name>
  <name>Астра</name>
  <name>Афанасиевич</name>
  <name>Афанасиевна</name>
  <name>Афанасий</name>
  <name>Афанасия</name>
  <name>Афанасьевич</name>
  <name>Афанасьевна</name>
  <name>Афиноген</name>
  <name>Афиногенович</name>
  <name>Афиногеновна</name>
  <name>Афинодор</name>
  <name>Афинодорович</name>
  <name>Афинодоровна</name>
  <name>Африкан</name>
  <name>Африканович</name>
  <name>Африкановна</name>
  <name>Аэлита</name>
  <name>Бажен</name>
  <name>Баженович</name>
  <name>Баженовна</name>
  <name>Беата</name>
  <name>Беатриса</name>
  <name>Белла</name>
  <name>Бенедикт</name>
  <name>Бенедикта</name>
  <name>Бенедиктович</name>
  <name>Бенедиктовна</name>
  <name>Берта</name>
  <name>Бландина</name>
  <name>Богдан</name>
  <name>Богдана</name>
  <name>Богданович</name>
  <name>Богдановна</name>
  <name>Божена</name>
  <name>Болеслав</name>
  <name>Болеслава</name>
  <name>Болеславич</name>
  <name>Болеславна</name>
  <name>Болеславович</name>
  <name>Болеславовна</name>
  <name>Бонифат</name>
  <name>Бонифатиевич</name>
  <name>Бонифатиевна</name>
  <name>Бонифатий</name>
  <name>Бонифатович</name>
  <name>Бонифатовна</name>
  <name>Бонифатьевич</name>
  <name>Бонифатьевна</name>
  <name>Борис</name>
  <name>Борислав</name>
  <name>Борислава</name>
  <name>Бориславич</name>
  <name>Бориславна</name>
  <name>Бориславович</name>
  <name>Бориславовна</name>
  <name>Борисович</name>
  <name>Борисовна</name>
  <name>Бояна</name>
  <name>Бронислав</name>
  <name>Бронислава</name>
  <name>Брониславич</name>
  <name>Брониславна</name>
  <name>Брониславович</name>
  <name>Брониславовна</name>
  <name>Будимир</name>
  <name>Будимирович</name>
  <name>Будимировна</name>
  <name>Вавила</name>
  <name>Вавилич</name>
  <name>Вавилична</name>
  <name>Вавилович</name>
  <name>Вавиловна</name>
  <name>Вадим</name>
  <name>Вадимович</name>
  <name>Вадимовна</name>
  <name>Валенсия</name>
  <name>Валентин</name>
  <name>Валентина</name>
  <name>Валентинович</name>
  <name>Валентиновна</name>
  <name>Валериан</name>
  <name>Валерианович</name>
  <name>Валериановна</name>
  <name>Валериевич</name>
  <name>Валериевна</name>
  <name>Валерий</name>
  <name>Валерия</name>
  <name>Валерьевич</name>
  <name>Валерьевна</name>
  <name>Валерьян</name>
  <name>Валерьянович</name>
  <name>Валерьяновна</name>
  <name>Ванда</name>
  <name>Варвара</name>
  <name>Варлам</name>
  <name>Варламиевич</name>
  <name>Варламиевна</name>
  <name>Варламий</name>
  <name>Варламович</name>
  <name>Варламовна</name>
  <name>Варламьевич</name>
  <name>Варламьевна</name>
  <name>Варнава</name>
  <name>Варнавич</name>
  <name>Варнавична</name>
  <name>Варсоноф</name>
  <name>Варсонофиевич</name>
  <name>Варсонофиевна</name>
  <name>Варсонофий</name>
  <name>Варсонофович</name>
  <name>Варсонофовна</name>
  <name>Варсонофьевич</name>
  <name>Варсонофьевна</name>
  <name>Варфоломеевич</name>
  <name>Варфоломеевна</name>
  <name>Варфоломей</name>
  <name>Васёна</name>
  <name>Василида</name>
  <name>Василий</name>
  <name>Василина</name>
  <name>Василиса</name>
  <name>Василия</name>
  <name>Василла</name>
  <name>Васильевич</name>
  <name>Васильевна</name>
  <name>Васса</name>
  <name>Вассиан</name>
  <name>Вассианович</name>
  <name>Вассиановна</name>
  <name>Вацлава</name>
  <name>Вевея</name>
  <name>Велизар</name>
  <name>Велизарович</name>
  <name>Велизаровна</name>
  <name>Велимир</name>
  <name>Велимира</name>
  <name>Велимирович</name>
  <name>Велимировна</name>
  <name>Велислава</name>
  <name>Венедикт</name>
  <name>Венедикта</name>
  <name>Венедиктович</name>
  <name>Венедиктовна</name>
  <name>Венера</name>
  <name>Вениамин</name>
  <name>Вениаминович</name>
  <name>Вениаминовна</name>
  <name>Венуста</name>
  <name>Венцеслав</name>
  <name>Венцеслава</name>
  <name>Венцеславич</name>
  <name>Венцеславна</name>
  <name>Венцеславович</name>
  <name>Венцеславовна</name>
  <name>Веньямин</name>
  <name>Веньяминович</name>
  <name>Веньяминовна</name>
  <name>Вера</name>
  <name>Вереника</name>
  <name>Вероника</name>
  <name>Верония</name>
  <name>Веселина</name>
  <name>Веста</name>
  <name>Вестита</name>
  <name>Вива</name>
  <name>Вивея</name>
  <name>Вивиана</name>
  <name>Видана</name>
  <name>Викентиевич</name>
  <name>Викентиевна</name>
  <name>Викентий</name>
  <name>Викентия</name>
  <name>Викентьевич</name>
  <name>Викентьевна</name>
  <name>Виктор</name>
  <name>Викториевич</name>
  <name>Викториевна</name>
  <name>Викторий</name>
  <name>Викторина</name>
  <name>Виктория</name>
  <name>Викторович</name>
  <name>Викторовна</name>
  <name>Викул</name>
  <name>Викула</name>
  <name>Викулич</name>
  <name>Викулична</name>
  <name>Викулович</name>
  <name>Викуловна</name>
  <name>Вила</name>
  <name>Вилен</name>
  <name>Вилена</name>
  <name>Виленин</name>
  <name>Виленина</name>
  <name>Виленинович</name>
  <name>Вилениновна</name>
  <name>Виленович</name>
  <name>Виленовна</name>
  <name>Вильгельм</name>
  <name>Вильгельмина</name>
  <name>Вильгельмович</name>
  <name>Вильгельмовна</name>
  <name>Виола</name>
  <name>Виолетта</name>
  <name>Виргиния</name>
  <name>Виринея</name>
  <name>Виссарион</name>
  <name>Виссарионович</name>
  <name>Виссарионовна</name>
  <name>Вит</name>
  <name>Вита</name>
  <name>Виталиевич</name>
  <name>Виталиевна</name>
  <name>Виталий</name>
  <name>Виталика</name>
  <name>Виталина</name>
  <name>Виталия</name>
  <name>Витальевич</name>
  <name>Витальевна</name>
  <name>Витович</name>
  <name>Витовна</name>
  <name>Витовт</name>
  <name>Витовтович</name>
  <name>Витовтовна</name>
  <name>Витольд</name>
  <name>Витольдович</name>
  <name>Витольдовна</name>
  <name>Влада</name>
  <name>Владилен</name>
  <name>Владилена</name>
  <name>Владиленович</name>
  <name>Владиленовна</name>
  <name>Владимир</name>
  <name>Владимира</name>
  <name>Владимирович</name>
  <name>Владимировна</name>
  <name>Владислав</name>
  <name>Владислава</name>
  <name>Владиславич</name>
  <name>Владиславна</name>
  <name>Владиславович</name>
  <name>Владиславовна</name>
  <name>Владлен</name>
  <name>Владлена</name>
  <name>Владленович</name>
  <name>Владленовна</name>
  <name>Влас</name>
  <name>Власиевич</name>
  <name>Власиевна</name>
  <name>Власий</name>
  <name>Власович</name>
  <name>Власовна</name>
  <name>Власта</name>
  <name>Власьевич</name>
  <name>Власьевна</name>
  <name>Воислава</name>
  <name>Воля</name>
  <name>Вонифат</name>
  <name>Вонифатиевич</name>
  <name>Вонифатиевна</name>
  <name>Вонифатий</name>
  <name>Вонифатович</name>
  <name>Вонифатовна</name>
  <name>Вонифатьевич</name>
  <name>Вонифатьевна</name>
  <name>Всеволод</name>
  <name>Всеволодович</name>
  <name>Всеволодовна</name>
  <name>Всеслав</name>
  <name>Всеслава</name>
  <name>Всеславич</name>
  <name>Всеславна</name>
  <name>Всеславович</name>
  <name>Всеславовна</name>
  <name>Вукол</name>
  <name>Вуколович</name>
  <name>Вуколовна</name>
  <name>Вышеслав</name>
  <name>Вышеславич</name>
  <name>Вышеславна</name>
  <name>Вышеславович</name>
  <name>Вышеславовна</name>
  <name>Вячеслав</name>
  <name>Вячеславич</name>
  <name>Вячеславна</name>
  <name>Вячеславович</name>
  <name>Вячеславовна</name>
  <name>Гаафа</name>
  <name>Гавриил</name>
  <name>Гавриилович</name>
  <name>Гаврииловна</name>
  <name>Гаврил</name>
  <name>Гаврила</name>
  <name>Гаврилович</name>
  <name>Гавриловна</name>
  <name>Гала</name>
  <name>Галактион</name>
  <name>Галактионович</name>
  <name>Галактионовна</name>
  <name>Галата</name>
  <name>Галатея</name>
  <name>Гали</name>
  <name>Галина</name>
  <name>Галла</name>
  <name>Галя</name>
  <name>Гая</name>
  <name>Гедеон</name>
  <name>Гедеонович</name>
  <name>Гедеоновна</name>
  <name>Гедиминович</name>
  <name>Гедиминовна</name>
  <name>Геласиевич</name>
  <name>Геласиевна</name>
  <name>Геласий</name>
  <name>Геласия</name>
  <name>Геласьевич</name>
  <name>Геласьевна</name>
  <name>Гелиевич</name>
  <name>Гелиевна</name>
  <name>Гелий</name>
  <name>Гелимин</name>
  <name>Гемелла</name>
  <name>Гемина</name>
  <name>Гения</name>
  <name>Геннадиевич</name>
  <name>Геннадиевна</name>
  <name>Геннадий</name>
  <name>Геннадия</name>
  <name>Геннадьевич</name>
  <name>Геннадьевна</name>
  <name>Геновефа</name>
  <name>Генриетта</name>
  <name>Генрих</name>
  <name>Генрихович</name>
  <name>Генриховна</name>
  <name>Георгиевич</name>
  <name>Георгиевна</name>
  <name>Георгий</name>
  <name>Георгина</name>
  <name>Гера</name>
  <name>Герасим</name>
  <name>Герасимович</name>
  <name>Герасимовна</name>
  <name>Гервасиевич</name>
  <name>Гервасиевна</name>
  <name>Гервасий</name>
  <name>Гервасьевич</name>
  <name>Гервасьевна</name>
  <name>Герман</name>
  <name>Германа</name>
  <name>Германович</name>
  <name>Германовна</name>
  <name>Гермоген</name>
  <name>Гермогенович</name>
  <name>Гермогеновна</name>
  <name>Геронтиевич</name>
  <name>Геронтиевна</name>
  <name>Геронтий</name>
  <name>Геронтьевич</name>
  <name>Геронтьевна</name>
  <name>Гертруда</name>
  <name>Гея</name>
  <name>Гиацинт</name>
  <name>Гиацинтович</name>
  <name>Гиацинтовна</name>
  <name>Глафира</name>
  <name>Глеб</name>
  <name>Глебович</name>
  <name>Глебовна</name>
  <name>Гликерия</name>
  <name>Глориоза</name>
  <name>Голиндуха</name>
  <name>Гонеста</name>
  <name>Гонората</name>
  <name>Горациевич</name>
  <name>Горациевна</name>
  <name>Гораций</name>
  <name>Горгониевич</name>
  <name>Горгониевна</name>
  <name>Горгоний</name>
  <name>Горгония</name>
  <name>Горгоньевич</name>
  <name>Горгоньевна</name>
  <name>Гордеевич</name>
  <name>Гордеевна</name>
  <name>Гордей</name>
  <name>Горислава</name>
  <name>Гортензия</name>
  <name>Гостомысл</name>
  <name>Гостомыслович</name>
  <name>Гостомысловна</name>
  <name>Градислава</name>
  <name>Гремислав</name>
  <name>Гремиславич</name>
  <name>Гремиславна</name>
  <name>Гремиславович</name>
  <name>Гремиславовна</name>
  <name>Грета</name>
  <name>Григорий</name>
  <name>Григорьевич</name>
  <name>Григорьевна</name>
  <name>Гуриевич</name>
  <name>Гуриевна</name>
  <name>Гурий</name>
  <name>Гурьевич</name>
  <name>Гурьевна</name>
  <name>Гурьян</name>
  <name>Гурьянович</name>
  <name>Гурьяновна</name>
  <name>Давид</name>
  <name>Давидович</name>
  <name>Давидовна</name>
  <name>Давыд</name>
  <name>Давыдович</name>
  <name>Давыдовна</name>
  <name>Далила</name>
  <name>Далмат</name>
  <name>Далматович</name>
  <name>Далматовна</name>
  <name>Даная</name>
  <name>Даниил</name>
  <name>Даниилович</name>
  <name>Данииловна</name>
  <name>Данил</name>
  <name>Данила</name>
  <name>Данилович</name>
  <name>Даниловна</name>
  <name>Дария</name>
  <name>Дарья</name>
  <name>Дебора</name>
  <name>Деина</name>
  <name>Декабрина</name>
  <name>Дементиевич</name>
  <name>Дементиевна</name>
  <name>Дементий</name>
  <name>Дементьевич</name>
  <name>Дементьевна</name>
  <name>Демид</name>
  <name>Демидович</name>
  <name>Демидовна</name>
  <name>Демьян</name>
  <name>Демьянович</name>
  <name>Демьяновна</name>
  <name>Денис</name>
  <name>Денисиевич</name>
  <name>Денисиевна</name>
  <name>Денисий</name>
  <name>Денисия</name>
  <name>Денисович</name>
  <name>Денисовна</name>
  <name>Денисьевич</name>
  <name>Денисьевна</name>
  <name>Деодор</name>
  <name>Деодорович</name>
  <name>Деодоровна</name>
  <name>Диана</name>
  <name>Дигна</name>
  <name>Димитриевич</name>
  <name>Димитриевна</name>
  <name>Димитрий</name>
  <name>Дина</name>
  <name>Диодора</name>
  <name>Диомид</name>
  <name>Диомидович</name>
  <name>Диомидовна</name>
  <name>Дионина</name>
  <name>Дионисиевич</name>
  <name>Дионисиевна</name>
  <name>Дионисий</name>
  <name>Дионисьевич</name>
  <name>Дионисьевна</name>
  <name>Дия</name>
  <name>Дмитриевич</name>
  <name>Дмитриевна</name>
  <name>Дмитрий</name>
  <name>Доброгнева</name>
  <name>Добромила</name>
  <name>Добромира</name>
  <name>Добромысл</name>
  <name>Добромыслович</name>
  <name>Добромысловна</name>
  <name>Доброслава</name>
  <name>Добрынич</name>
  <name>Добрынична</name>
  <name>Добрыня</name>
  <name>Довмонт</name>
  <name>Довмонтович</name>
  <name>Довмонтовна</name>
  <name>Доминик</name>
  <name>Доминика</name>
  <name>Доминикович</name>
  <name>Доминиковна</name>
  <name>Домитилла</name>
  <name>Домна</name>
  <name>Домника</name>
  <name>Домникия</name>
  <name>Домнина</name>
  <name>Донара</name>
  <name>Донат</name>
  <name>Доната</name>
  <name>Донатович</name>
  <name>Донатовна</name>
  <name>Дора</name>
  <name>Доримедонт</name>
  <name>Доримедонтович</name>
  <name>Доримедонтовна</name>
  <name>Дормедонт</name>
  <name>Дормедонтович</name>
  <name>Дормедонтовна</name>
  <name>Дормидонт</name>
  <name>Дормидонтович</name>
  <name>Дормидонтовна</name>
  <name>Дорофеевич</name>
  <name>Дорофеевна</name>
  <name>Дорофей</name>
  <name>Дорофея</name>
  <name>Доса</name>
  <name>Досифеевич</name>
  <name>Досифеевна</name>
  <name>Досифей</name>
  <name>Досифея</name>
  <name>Дросида</name>
  <name>Дуклида</name>
  <name>Ева</name>
  <name>Евангелина</name>
  <name>Еванфия</name>
  <name>Евгениевич</name>
  <name>Евгениевна</name>
  <name>Евгений</name>
  <name>Евгения</name>
  <name>Евгеньевич</name>
  <name>Евгеньевна</name>
  <name>Евграф</name>
  <name>Евграфиевич</name>
  <name>Евграфиевна</name>
  <name>Евграфий</name>
  <name>Евграфович</name>
  <name>Евграфовна</name>
  <name>Евграфьевич</name>
  <name>Евграфьевна</name>
  <name>Евдоким</name>
  <name>Евдокимович</name>
  <name>Евдокимовна</name>
  <name>Евдокия</name>
  <name>Евдоксия</name>
  <name>Евлалия</name>
  <name>Евлампиевич</name>
  <name>Евлампиевна</name>
  <name>Евлампий</name>
  <name>Евлампия</name>
  <name>Евлампьевич</name>
  <name>Евлампьевна</name>
  <name>Евлогиевич</name>
  <name>Евлогиевна</name>
  <name>Евлогий</name>
  <name>Евмен</name>
  <name>Евмениевич</name>
  <name>Евмениевна</name>
  <name>Евмений</name>
  <name>Евмения</name>
  <name>Евменович</name>
  <name>Евменовна</name>
  <name>Евменьевич</name>
  <name>Евменьевна</name>
  <name>Евминия</name>
  <name>Евника</name>
  <name>Евникия</name>
  <name>Евномия</name>
  <name>Евпраксия</name>
  <name>Евсевия</name>
  <name>Евсеевич</name>
  <name>Евсеевна</name>
  <name>Евсей</name>
  <name>Евстафиевич</name>
  <name>Евстафиевна</name>
  <name>Евстафий</name>
  <name>Евстафия</name>
  <name>Евстафьевич</name>
  <name>Евстафьевна</name>
  <name>Евстахиевич</name>
  <name>Евстахиевна</name>
  <name>Евстахий</name>
  <name>Евстахьевич</name>
  <name>Евстахьевна</name>
  <name>Евстигнеевич</name>
  <name>Евстигнеевна</name>
  <name>Евстигней</name>
  <name>Евстолия</name>
  <name>Евстрат</name>
  <name>Евстратиевич</name>
  <name>Евстратиевна</name>
  <name>Евстратий</name>
  <name>Евстратович</name>
  <name>Евстратовна</name>
  <name>Евстратьевич</name>
  <name>Евстратьевна</name>
  <name>Евтихиевич</name>
  <name>Евтихиевна</name>
  <name>Евтихий</name>
  <name>Евтихия</name>
  <name>Евтихьевич</name>
  <name>Евтихьевна</name>
  <name>Евтропия</name>
  <name>Евфалия</name>
  <name>Евфимиевич</name>
  <name>Евфимиевна</name>
  <name>Евфимий</name>
  <name>Евфимия</name>
  <name>Евфимьевич</name>
  <name>Евфимьевна</name>
  <name>Евфросиния</name>
  <name>Егор</name>
  <name>Егориевич</name>
  <name>Егориевна</name>
  <name>Егорий</name>
  <name>Егорович</name>
  <name>Егоровна</name>
  <name>Егорьевич</name>
  <name>Егорьевна</name>
  <name>Екатерина</name>
  <name>Елена</name>
  <name>Елизавета</name>
  <name>Елизар</name>
  <name>Елизарович</name>
  <name>Елизаровна</name>
  <name>Еликонида</name>
  <name>Елисеевич</name>
  <name>Елисеевна</name>
  <name>Елисей</name>
  <name>Елистрат</name>
  <name>Елистратович</name>
  <name>Елистратовна</name>
  <name>Елпидифор</name>
  <name>Елпидифорович</name>
  <name>Елпидифоровна</name>
  <name>Емельян</name>
  <name>Емельянович</name>
  <name>Емельяновна</name>
  <name>Епистима</name>
  <name>Епистимия</name>
  <name>Епифан</name>
  <name>Епифаниевич</name>
  <name>Епифаниевна</name>
  <name>Епифаний</name>
  <name>Епифанович</name>
  <name>Епифановна</name>
  <name>Епифаньевич</name>
  <name>Епифаньевна</name>
  <name>Еремеевич</name>
  <name>Еремеевна</name>
  <name>Еремей</name>
  <name>Ермиевич</name>
  <name>Ермиевна</name>
  <name>Ермий</name>
  <name>Ермил</name>
  <name>Ермила</name>
  <name>Ермилиевич</name>
  <name>Ермилиевна</name>
  <name>Ермилий</name>
  <name>Ермилич</name>
  <name>Ермилична</name>
  <name>Ермилович</name>
  <name>Ермиловна</name>
  <name>Ермильевич</name>
  <name>Ермильевна</name>
  <name>Ермиония</name>
  <name>Ермолаевич</name>
  <name>Ермолаевна</name>
  <name>Ермолай</name>
  <name>Ерофеевич</name>
  <name>Ерофеевна</name>
  <name>Ерофей</name>
  <name>Ефим</name>
  <name>Ефимиевич</name>
  <name>Ефимиевна</name>
  <name>Ефимий</name>
  <name>Ефимия</name>
  <name>Ефимович</name>
  <name>Ефимовна</name>
  <name>Ефимьевич</name>
  <name>Ефимьевна</name>
  <name>Ефимья</name>
  <name>Ефрем</name>
  <name>Ефремиевич</name>
  <name>Ефремиевна</name>
  <name>Ефремий</name>
  <name>Ефремович</name>
  <name>Ефремовна</name>
  <name>Ефремьевич</name>
  <name>Ефремьевна</name>
  <name>Ефросиния</name>
  <name>Ефросинья</name>
  <name>Жанна</name>
  <name>Женя</name>
  <name>Жозефина</name>
  <name>Зара</name>
  <name>Зарема</name>
  <name>Зарина</name>
  <name>Заря</name>
  <name>Заряна</name>
  <name>Захар</name>
  <name>Захариевич</name>
  <name>Захариевна</name>
  <name>Захарий</name>
  <name>Захарович</name>
  <name>Захаровна</name>
  <name>Захарьевич</name>
  <name>Захарьевна</name>
  <name>Звезда</name>
  <name>Земфира</name>
  <name>Зенон</name>
  <name>Зенона</name>
  <name>Зенонович</name>
  <name>Зеноновна</name>
  <name>Зина</name>
  <name>Зинаида</name>
  <name>Зиновиевич</name>
  <name>Зиновиевна</name>
  <name>Зиновий</name>
  <name>Зиновия</name>
  <name>Зиновьевич</name>
  <name>Зиновьевна</name>
  <name>Злата</name>
  <name>Зосим</name>
  <name>Зосима</name>
  <name>Зосимич</name>
  <name>Зосимична</name>
  <name>Зосимович</name>
  <name>Зосимовна</name>
  <name>Зоя</name>
  <name>Иаким</name>
  <name>Иакимович</name>
  <name>Иакимовна</name>
  <name>Иакинф</name>
  <name>Иакинфович</name>
  <name>Иакинфовна</name>
  <name>Ива</name>
  <name>Иван</name>
  <name>Иванна</name>
  <name>Иванович</name>
  <name>Ивановна</name>
  <name>Иветта</name>
  <name>Ивонна</name>
  <name>Игнат</name>
  <name>Игнатиевич</name>
  <name>Игнатиевна</name>
  <name>Игнатий</name>
  <name>Игнатович</name>
  <name>Игнатовна</name>
  <name>Игнатьевич</name>
  <name>Игнатьевна</name>
  <name>Игоревич</name>
  <name>Игоревна</name>
  <name>Игорь</name>
  <name>Ида</name>
  <name>Идея</name>
  <name>Иероним</name>
  <name>Иеронимович</name>
  <name>Иеронимовна</name>
  <name>Изабелла</name>
  <name>Изида</name>
  <name>Измаил</name>
  <name>Измаилович</name>
  <name>Измайлович</name>
  <name>Измаиловна</name>
  <name>Измайловна</name>
  <name>Изольда</name>
  <name>Изосим</name>
  <name>Изосимович</name>
  <name>Изосимовна</name>
  <name>Изот</name>
  <name>Изотович</name>
  <name>Изотовна</name>
  <name>Изяслав</name>
  <name>Изяславич</name>
  <name>Изяславна</name>
  <name>Изяславович</name>
  <name>Изяславовна</name>
  <name>Иларион</name>
  <name>Иларионович</name>
  <name>Иларионовна</name>
  <name>Илария</name>
  <name>Илиодор</name>
  <name>Илиодорович</name>
  <name>Илиодоровна</name>
  <name>Илия</name>
  <name>Илларион</name>
  <name>Илларионович</name>
  <name>Илларионовна</name>
  <name>Илона</name>
  <name>Ильина</name>
  <name>Ильинична</name>
  <name>Ильич</name>
  <name>Ильичом</name>
  <name>Илья</name>
  <name>Инга</name>
  <name>Инесса</name>
  <name>Инна</name>
  <name>Иннокентиевич</name>
  <name>Иннокентиевна</name>
  <name>Иннокентий</name>
  <name>Иннокентьевич</name>
  <name>Иннокентьевна</name>
  <name>Иоанн</name>
  <name>Иоанна</name>
  <name>Иоаннович</name>
  <name>Иоанновна</name>
  <name>Иов</name>
  <name>Иовилла</name>
  <name>Иович</name>
  <name>Иовна</name>
  <name>Иола</name>
  <name>Иоланта</name>
  <name>Иона</name>
  <name>Ионич</name>
  <name>Ионична</name>
  <name>Иосафат</name>
  <name>Иосафатович</name>
  <name>Иосафатовна</name>
  <name>Иосиф</name>
  <name>Иосифович</name>
  <name>Иосифовна</name>
  <name>Ипат</name>
  <name>Ипатиевич</name>
  <name>Ипатиевна</name>
  <name>Ипатий</name>
  <name>Ипатович</name>
  <name>Ипатовна</name>
  <name>Ипатьевич</name>
  <name>Ипатьевна</name>
  <name>Ипполит</name>
  <name>Ипполита</name>
  <name>Ипполитович</name>
  <name>Ипполитовна</name>
  <name>Ираида</name>
  <name>Ираклиевич</name>
  <name>Ираклиевна</name>
  <name>Ираклий</name>
  <name>Ирина</name>
  <name>Иринарх</name>
  <name>Иринархович</name>
  <name>Иринарховна</name>
  <name>Иринеевич</name>
  <name>Иринеевна</name>
  <name>Ириней</name>
  <name>Ирма</name>
  <name>Иродион</name>
  <name>Иродионович</name>
  <name>Иродионовна</name>
  <name>Исаак</name>
  <name>Исаакиевич</name>
  <name>Исаакиевна</name>
  <name>Исаакий</name>
  <name>Исаакович</name>
  <name>Исааковна</name>
  <name>Исаевич</name>
  <name>Исаевна</name>
  <name>Исай</name>
  <name>Исак</name>
  <name>Исакиевич</name>
  <name>Исакиевна</name>
  <name>Исакий</name>
  <name>Исакович</name>
  <name>Исаковна</name>
  <name>Исидор</name>
  <name>Исидора</name>
  <name>Исидорович</name>
  <name>Исидоровна</name>
  <name>Иустин</name>
  <name>Иустинович</name>
  <name>Иустиновна</name>
  <name>Ифигения</name>
  <name>Ия</name>
  <name>Каздоя</name>
  <name>Казимир</name>
  <name>Казимира</name>
  <name>Казимирович</name>
  <name>Казимировна</name>
  <name>Калерия</name>
  <name>Калида</name>
  <name>Калиса</name>
  <name>Каллимах</name>
  <name>Каллимахович</name>
  <name>Каллимаховна</name>
  <name>Каллиник</name>
  <name>Каллиникия</name>
  <name>Каллиникович</name>
  <name>Каллиниковна</name>
  <name>Каллиопиевич</name>
  <name>Каллиопиевна</name>
  <name>Каллиопий</name>
  <name>Каллист</name>
  <name>Каллиста</name>
  <name>Каллистович</name>
  <name>Каллистовна</name>
  <name>Каллистрат</name>
  <name>Каллистратович</name>
  <name>Каллистратовна</name>
  <name>Каллисфен</name>
  <name>Каллисфенович</name>
  <name>Каллисфеновна</name>
  <name>Калуф</name>
  <name>Калуфович</name>
  <name>Калуфовна</name>
  <name>Кама</name>
  <name>Камилла</name>
  <name>Кандида</name>
  <name>Кандидиевич</name>
  <name>Кандидиевна</name>
  <name>Кандидий</name>
  <name>Кандидьевич</name>
  <name>Кандидьевна</name>
  <name>Кантидиан</name>
  <name>Кантидианович</name>
  <name>Кантидиановна</name>
  <name>Капик</name>
  <name>Капикович</name>
  <name>Капиковна</name>
  <name>Капитолина</name>
  <name>Капитон</name>
  <name>Капитонович</name>
  <name>Капитоновна</name>
  <name>Карина</name>
  <name>Карион</name>
  <name>Карионович</name>
  <name>Карионовна</name>
  <name>Карл</name>
  <name>Карлович</name>
  <name>Карловна</name>
  <name>Каролина</name>
  <name>Карп</name>
  <name>Карпович</name>
  <name>Карповна</name>
  <name>Касиния</name>
  <name>Кастрихиевич</name>
  <name>Кастрихиевна</name>
  <name>Кастрихий</name>
  <name>Кастрихьевич</name>
  <name>Кастрихьевна</name>
  <name>Касьян</name>
  <name>Касьянович</name>
  <name>Касьяновна</name>
  <name>Келестина</name>
  <name>Керкира</name>
  <name>Кетевань</name>
  <name>Киликия</name>
  <name>Ким</name>
  <name>Кима</name>
  <name>Кимович</name>
  <name>Кимовна</name>
  <name>Киприан</name>
  <name>Киприанович</name>
  <name>Киприановна</name>
  <name>Кир</name>
  <name>Кира</name>
  <name>Кириак</name>
  <name>Кириакия</name>
  <name>Кириакович</name>
  <name>Кириаковна</name>
  <name>Кириана</name>
  <name>Кирик</name>
  <name>Кирикович</name>
  <name>Кириковна</name>
  <name>Кирилл</name>
  <name>Кирилла</name>
  <name>Кириллович</name>
  <name>Кирилловна</name>
  <name>Кирович</name>
  <name>Кировна</name>
  <name>Кирсан</name>
  <name>Кирсанович</name>
  <name>Кирсановна</name>
  <name>Кирьяк</name>
  <name>Кирьякович</name>
  <name>Кирьяковна</name>
  <name>Кирьяна</name>
  <name>Клавдиевич</name>
  <name>Клавдиевна</name>
  <name>Клавдий</name>
  <name>Клавдия</name>
  <name>Клара</name>
  <name>Клариса</name>
  <name>Клементина</name>
  <name>Клеопатра</name>
  <name>Клим</name>
  <name>Климент</name>
  <name>Климентиевич</name>
  <name>Климентиевна</name>
  <name>Климентий</name>
  <name>Климентович</name>
  <name>Климентовна</name>
  <name>Климентьевич</name>
  <name>Климентьевна</name>
  <name>Климович</name>
  <name>Климовна</name>
  <name>Кондрат</name>
  <name>Кондратиевич</name>
  <name>Кондратиевна</name>
  <name>Кондратий</name>
  <name>Кондратович</name>
  <name>Кондратовна</name>
  <name>Кондратьевич</name>
  <name>Кондратьевна</name>
  <name>Конкордия</name>
  <name>Конон</name>
  <name>Кононович</name>
  <name>Кононовна</name>
  <name>Конрад</name>
  <name>Конрадович</name>
  <name>Конрадовна</name>
  <name>Константин</name>
  <name>Константинович</name>
  <name>Константиновна</name>
  <name>Констанция</name>
  <name>Корнеевич</name>
  <name>Корнеевна</name>
  <name>Корней</name>
  <name>Корнелиевич</name>
  <name>Корнелиевна</name>
  <name>Корнелий</name>
  <name>Корнелия</name>
  <name>Корнельевич</name>
  <name>Корнельевна</name>
  <name>Корнил</name>
  <name>Корнилиевич</name>
  <name>Корнилиевна</name>
  <name>Корнилий</name>
  <name>Корнилович</name>
  <name>Корниловна</name>
  <name>Корнильевич</name>
  <name>Корнильевна</name>
  <name>Кристина</name>
  <name>Ксанфиппа</name>
  <name>Ксения</name>
  <name>Ксенофонт</name>
  <name>Ксенофонтович</name>
  <name>Ксенофонтовна</name>
  <name>Кузьма</name>
  <name>Кузьминична</name>
  <name>Кузьмич</name>
  <name>Купава</name>
  <name>Куприян</name>
  <name>Куприянович</name>
  <name>Куприяновна</name>
  <name>Лавиния</name>
  <name>Лавр</name>
  <name>Лавра</name>
  <name>Лаврентиевич</name>
  <name>Лаврентиевна</name>
  <name>Лаврентий</name>
  <name>Лаврентьевич</name>
  <name>Лаврентьевна</name>
  <name>Лаврович</name>
  <name>Лавровна</name>
  <name>Лада</name>
  <name>Ладимир</name>
  <name>Ладимирович</name>
  <name>Ладимировна</name>
  <name>Лазаревич</name>
  <name>Лазаревна</name>
  <name>Лазарь</name>
  <name>Ларион</name>
  <name>Ларионович</name>
  <name>Ларионовна</name>
  <name>Лариса</name>
  <name>Лаура</name>
  <name>Лев</name>
  <name>Леда</name>
  <name>Лейла</name>
  <name>Лемира</name>
  <name>Ленина</name>
  <name>Леокадия</name>
  <name>Леон</name>
  <name>Леонард</name>
  <name>Леонардович</name>
  <name>Леонардовна</name>
  <name>Леонид</name>
  <name>Леонида</name>
  <name>Леонидович</name>
  <name>Леонидовна</name>
  <name>Леонила</name>
  <name>Леонина</name>
  <name>Леония</name>
  <name>Леонович</name>
  <name>Леоновна</name>
  <name>Леонтиевич</name>
  <name>Леонтиевна</name>
  <name>Леонтий</name>
  <name>Леонтьевич</name>
  <name>Леонтьевна</name>
  <name>Леопольд</name>
  <name>Леопольдович</name>
  <name>Леопольдовна</name>
  <name>Лея</name>
  <name>Лиана</name>
  <name>Ливия</name>
  <name>Лидия</name>
  <name>Лилиана</name>
  <name>Лилия</name>
  <name>Лина</name>
  <name>Лира</name>
  <name>Лия</name>
  <name>Логвин</name>
  <name>Логвинович</name>
  <name>Логвиновна</name>
  <name>Логгин</name>
  <name>Логгинович</name>
  <name>Логгиновна</name>
  <name>Лолия</name>
  <name>Лонгин</name>
  <name>Лонгина</name>
  <name>Лонгинович</name>
  <name>Лонгиновна</name>
  <name>Лора</name>
  <name>Лота</name>
  <name>Луарсаб</name>
  <name>Луарсабович</name>
  <name>Луарсабовна</name>
  <name>Луиза</name>
  <name>Лука</name>
  <name>Лукан</name>
  <name>Луканович</name>
  <name>Лукановна</name>
  <name>Лукерья</name>
  <name>Лукиан</name>
  <name>Лукиана</name>
  <name>Лукианович</name>
  <name>Лукиановна</name>
  <name>Лукинична</name>
  <name>Лукич</name>
  <name>Лукия</name>
  <name>Лукреция</name>
  <name>Лукьян</name>
  <name>Лукьянович</name>
  <name>Лукьяновна</name>
  <name>Львович</name>
  <name>Львовна</name>
  <name>Любава</name>
  <name>Любим</name>
  <name>Любимович</name>
  <name>Любимовна</name>
  <name>Любовь</name>
  <name>Любомила</name>
  <name>Любомир</name>
  <name>Любомира</name>
  <name>Любомирович</name>
  <name>Любомировна</name>
  <name>Любомысл</name>
  <name>Любомыслович</name>
  <name>Любомысловна</name>
  <name>Людмила</name>
  <name>Люциан</name>
  <name>Люцианович</name>
  <name>Люциановна</name>
  <name>Люцина</name>
  <name>Люция</name>
  <name>Мавр</name>
  <name>Мавра</name>
  <name>Маврикиевич</name>
  <name>Маврикиевна</name>
  <name>Маврикий</name>
  <name>Маврикьевич</name>
  <name>Маврикьевна</name>
  <name>Маврович</name>
  <name>Мавровна</name>
  <name>Мавродиевич</name>
  <name>Мавродиевна</name>
  <name>Мавродий</name>
  <name>Мавродьевич</name>
  <name>Мавродьевна</name>
  <name>Магда</name>
  <name>Магдалина</name>
  <name>Магна</name>
  <name>Маевич</name>
  <name>Маевна</name>
  <name>Май</name>
  <name>Маина</name>
  <name>Майя</name>
  <name>Макар</name>
  <name>Макариевич</name>
  <name>Макариевна</name>
  <name>Макарий</name>
  <name>Макарович</name>
  <name>Макаровна</name>
  <name>Макарьевич</name>
  <name>Макарьевна</name>
  <name>Македон</name>
  <name>Македониевич</name>
  <name>Македониевна</name>
  <name>Македоний</name>
  <name>Македонович</name>
  <name>Македоновна</name>
  <name>Македоньевич</name>
  <name>Македоньевна</name>
  <name>Макрина</name>
  <name>Максим</name>
  <name>Максима</name>
  <name>Максимиан</name>
  <name>Максимианович</name>
  <name>Максимиановна</name>
  <name>Максимилиан</name>
  <name>Максимилианович</name>
  <name>Максимилиановна</name>
  <name>Максимильян</name>
  <name>Максимильянович</name>
  <name>Максимильяновна</name>
  <name>Максимович</name>
  <name>Максимовна</name>
  <name>Малания</name>
  <name>Маланья</name>
  <name>Малина</name>
  <name>Малх</name>
  <name>Малхович</name>
  <name>Малховна</name>
  <name>Мальвина</name>
  <name>Мамелфа</name>
  <name>Манефа</name>
  <name>Мануил</name>
  <name>Мануилович</name>
  <name>Мануиловна</name>
  <name>Марат</name>
  <name>Маратович</name>
  <name>Маратовна</name>
  <name>Маргарита</name>
  <name>Мардариевич</name>
  <name>Мардариевна</name>
  <name>Мардарий</name>
  <name>Мардарьевич</name>
  <name>Мардарьевна</name>
  <name>Мариам</name>
  <name>Мариамна</name>
  <name>Мариан</name>
  <name>Мариана</name>
  <name>Марианна</name>
  <name>Марианович</name>
  <name>Мариановна</name>
  <name>Мариетта</name>
  <name>Марин</name>
  <name>Марина</name>
  <name>Маринович</name>
  <name>Мариновна</name>
  <name>Марионилла</name>
  <name>Мария</name>
  <name>Марк</name>
  <name>Марка</name>
  <name>Маркел</name>
  <name>Маркеллина</name>
  <name>Маркелович</name>
  <name>Маркеловна</name>
  <name>Маркиан</name>
  <name>Маркиана</name>
  <name>Маркианович</name>
  <name>Маркиановна</name>
  <name>Маркович</name>
  <name>Марковна</name>
  <name>Марксина</name>
  <name>Марлен</name>
  <name>Марлена</name>
  <name>Марленович</name>
  <name>Марленовна</name>
  <name>Марта</name>
  <name>Мартимьян</name>
  <name>Мартимьянович</name>
  <name>Мартимьяновна</name>
  <name>Мартин</name>
  <name>Мартина</name>
  <name>Мартиниан</name>
  <name>Мартиниана</name>
  <name>Мартинианович</name>
  <name>Мартиниановна</name>
  <name>Мартинович</name>
  <name>Мартиновна</name>
  <name>Мартириевич</name>
  <name>Мартириевна</name>
  <name>Мартирий</name>
  <name>Мартирьевич</name>
  <name>Мартирьевна</name>
  <name>Мартын</name>
  <name>Мартынович</name>
  <name>Мартыновна</name>
  <name>Мартьян</name>
  <name>Мартьянович</name>
  <name>Мартьяновна</name>
  <name>Марфа</name>
  <name>Марья</name>
  <name>Марьяна</name>
  <name>Мастридия</name>
  <name>Матвеевич</name>
  <name>Матвеевна</name>
  <name>Матвей</name>
  <name>Матильда</name>
  <name>Матрёна</name>
  <name>Матрона</name>
  <name>Мая</name>
  <name>Медея</name>
  <name>Мелания</name>
  <name>Меланья</name>
  <name>Мелентиевич</name>
  <name>Мелентиевна</name>
  <name>Мелентий</name>
  <name>Мелентьевич</name>
  <name>Мелентьевна</name>
  <name>Мелетиевич</name>
  <name>Мелетиевна</name>
  <name>Мелетий</name>
  <name>Мелетьевич</name>
  <name>Мелетьевна</name>
  <name>Мелитина</name>
  <name>Меркул</name>
  <name>Меркулович</name>
  <name>Меркуловна</name>
  <name>Меркуриевич</name>
  <name>Меркуриевна</name>
  <name>Меркурий</name>
  <name>Меркурия</name>
  <name>Меркурьевич</name>
  <name>Меркурьевна</name>
  <name>Мерона</name>
  <name>Мефодиевич</name>
  <name>Мефодиевна</name>
  <name>Мефодий</name>
  <name>Мефодьевич</name>
  <name>Мефодьевна</name>
  <name>Мечислав</name>
  <name>Мечиславич</name>
  <name>Мечиславна</name>
  <name>Мечиславович</name>
  <name>Мечиславовна</name>
  <name>Милан</name>
  <name>Милана</name>
  <name>Миланович</name>
  <name>Милановна</name>
  <name>Милен</name>
  <name>Милена</name>
  <name>Миленович</name>
  <name>Миленовна</name>
  <name>Милиевич</name>
  <name>Милиевна</name>
  <name>Милий</name>
  <name>Милица</name>
  <name>Милия</name>
  <name>Милослава</name>
  <name>Милютина</name>
  <name>Мина</name>
  <name>Минаевич</name>
  <name>Минаевна</name>
  <name>Минай</name>
  <name>Минич</name>
  <name>Минична</name>
  <name>Минна</name>
  <name>Минодора</name>
  <name>Мира</name>
  <name>Мирон</name>
  <name>Миронович</name>
  <name>Мироновна</name>
  <name>Миропия</name>
  <name>Мирослав</name>
  <name>Мирослава</name>
  <name>Мирославич</name>
  <name>Мирославна</name>
  <name>Мирославович</name>
  <name>Мирославовна</name>
  <name>Мирра</name>
  <name>Мисаил</name>
  <name>Мисаилович</name>
  <name>Мисаиловна</name>
  <name>Митродора</name>
  <name>Митрофан</name>
  <name>Митрофаниевич</name>
  <name>Митрофаниевна</name>
  <name>Митрофаний</name>
  <name>Митрофанович</name>
  <name>Митрофановна</name>
  <name>Митрофаньевич</name>
  <name>Митрофаньевна</name>
  <name>Михаил</name>
  <name>Михайлина</name>
  <name>Михайлович</name>
  <name>Михайловна</name>
  <name>Михеевич</name>
  <name>Михеевна</name>
  <name>Михей</name>
  <name>Млада</name>
  <name>Модест</name>
  <name>Модеста</name>
  <name>Модестович</name>
  <name>Модестовна</name>
  <name>Моика</name>
  <name>Моисеевич</name>
  <name>Моисеевна</name>
  <name>Моисей</name>
  <name>Мокеевич</name>
  <name>Мокеевна</name>
  <name>Мокей</name>
  <name>Мокиевич</name>
  <name>Мокиевна</name>
  <name>Мокий</name>
  <name>Моника</name>
  <name>Мстислав</name>
  <name>Мстислава</name>
  <name>Мстиславич</name>
  <name>Мстиславна</name>
  <name>Мстиславович</name>
  <name>Мстиславовна</name>
  <name>Муза</name>
  <name>Нада</name>
  <name>Надежда</name>
  <name>Назар</name>
  <name>Назариевич</name>
  <name>Назариевна</name>
  <name>Назарий</name>
  <name>Назарович</name>
  <name>Назаровна</name>
  <name>Назарьевич</name>
  <name>Назарьевна</name>
  <name>Нана</name>
  <name>Наркис</name>
  <name>Наркисович</name>
  <name>Наркисовна</name>
  <name>Наркисса</name>
  <name>Настасия</name>
  <name>Настасья</name>
  <name>Наталия</name>
  <name>Наталья</name>
  <name>Натан</name>
  <name>Натанович</name>
  <name>Натановна</name>
  <name>Наум</name>
  <name>Наумович</name>
  <name>Наумовна</name>
  <name>Нелли</name>
  <name>Ненила</name>
  <name>Неонила</name>
  <name>Нестер</name>
  <name>Нестерович</name>
  <name>Нестеровна</name>
  <name>Нестор</name>
  <name>Несторович</name>
  <name>Несторовна</name>
  <name>Нефёд</name>
  <name>Нефёдович</name>
  <name>Нефёдовна</name>
  <name>Нида</name>
  <name>Ника</name>
  <name>Никандр</name>
  <name>Никандрович</name>
  <name>Никандровна</name>
  <name>Никанор</name>
  <name>Никанорович</name>
  <name>Никаноровна</name>
  <name>Никита</name>
  <name>Никитич</name>
  <name>Никитична</name>
  <name>Никифор</name>
  <name>Никифорович</name>
  <name>Никифоровна</name>
  <name>Никодим</name>
  <name>Никодимович</name>
  <name>Никодимовна</name>
  <name>Николаевич</name>
  <name>Николаевна</name>
  <name>Николай</name>
  <name>Никон</name>
  <name>Никонович</name>
  <name>Никоновна</name>
  <name>Нил</name>
  <name>Нилович</name>
  <name>Ниловна</name>
  <name>Нимфа</name>
  <name>Нимфодора</name>
  <name>Нина</name>
  <name>Нинель</name>
  <name>Нифонт</name>
  <name>Нифонтович</name>
  <name>Нифонтовна</name>
  <name>Новелла</name>
  <name>Нонна</name>
  <name>Ноэми</name>
  <name>Ноябрина</name>
  <name>Нунехия</name>
  <name>Оксана</name>
  <name>Октавия</name>
  <name>Октябрина</name>
  <name>Олдама</name>
  <name>Олег</name>
  <name>Олегович</name>
  <name>Олеговна</name>
  <name>Олеся</name>
  <name>Оливия</name>
  <name>Олимпиада</name>
  <name>Олимпиевич</name>
  <name>Олимпиевна</name>
  <name>Олимпий</name>
  <name>Олимпиодора</name>
  <name>Олимпия</name>
  <name>Ольга</name>
  <name>Ольда</name>
  <name>Онисим</name>
  <name>Онисимович</name>
  <name>Онисимовна</name>
  <name>Онисифор</name>
  <name>Онисифорович</name>
  <name>Онисифоровна</name>
  <name>Онуфриевич</name>
  <name>Онуфриевна</name>
  <name>Онуфрий</name>
  <name>Орест</name>
  <name>Орестович</name>
  <name>Орестовна</name>
  <name>Осип</name>
  <name>Осипович</name>
  <name>Осиповна</name>
  <name>Оскар</name>
  <name>Оскарович</name>
  <name>Оскаровна</name>
  <name>Остап</name>
  <name>Остапович</name>
  <name>Остаповна</name>
  <name>Остромир</name>
  <name>Остромирович</name>
  <name>Остромировна</name>
  <name>Офелия</name>
  <name>Павел</name>
  <name>Павла</name>
  <name>Павлин</name>
  <name>Павлина</name>
  <name>Павлинович</name>
  <name>Павлиновна</name>
  <name>Павлович</name>
  <name>Павловна</name>
  <name>Паисиевич</name>
  <name>Паисиевна</name>
  <name>Паисий</name>
  <name>Паисия</name>
  <name>Паисьевич</name>
  <name>Паисьевна</name>
  <name>Паллада</name>
  <name>Палладиевич</name>
  <name>Палладиевна</name>
  <name>Палладий</name>
  <name>Палладия</name>
  <name>Палладьевич</name>
  <name>Палладьевна</name>
  <name>Пальмира</name>
  <name>Памфил</name>
  <name>Памфилиевич</name>
  <name>Памфилиевна</name>
  <name>Памфилий</name>
  <name>Памфилович</name>
  <name>Памфиловна</name>
  <name>Памфильевич</name>
  <name>Памфильевна</name>
  <name>Панкрат</name>
  <name>Панкратиевич</name>
  <name>Панкратиевна</name>
  <name>Панкратий</name>
  <name>Панкратович</name>
  <name>Панкратовна</name>
  <name>Панкратьевич</name>
  <name>Панкратьевна</name>
  <name>Пантелеевич</name>
  <name>Пантелеевна</name>
  <name>Пантелей</name>
  <name>Пантелеймон</name>
  <name>Пантелеймонович</name>
  <name>Пантелеймоновна</name>
  <name>Панфил</name>
  <name>Панфилович</name>
  <name>Панфиловна</name>
  <name>Парамон</name>
  <name>Парамонович</name>
  <name>Парамоновна</name>
  <name>Параскева</name>
  <name>Пармен</name>
  <name>Пармён</name>
  <name>Парменович</name>
  <name>Пармёнович</name>
  <name>Парменовна</name>
  <name>Пармёновна</name>
  <name>Парфён</name>
  <name>Парфениевич</name>
  <name>Парфениевна</name>
  <name>Парфений</name>
  <name>Парфёнович</name>
  <name>Парфёновна</name>
  <name>Парфентиевич</name>
  <name>Парфентиевна</name>
  <name>Парфентий</name>
  <name>Парфентьевич</name>
  <name>Парфентьевна</name>
  <name>Парфеньевич</name>
  <name>Парфеньевна</name>
  <name>Патрикеевич</name>
  <name>Патрикеевна</name>
  <name>Патрикей</name>
  <name>Патрикиевич</name>
  <name>Патрикиевна</name>
  <name>Патрикий</name>
  <name>Патрикия</name>
  <name>Пафнутиевич</name>
  <name>Пафнутиевна</name>
  <name>Пафнутий</name>
  <name>Пафнутьевич</name>
  <name>Пафнутьевна</name>
  <name>Пахом</name>
  <name>Пахомиевич</name>
  <name>Пахомиевна</name>
  <name>Пахомий</name>
  <name>Пахомович</name>
  <name>Пахомовна</name>
  <name>Пахомьевич</name>
  <name>Пахомьевна</name>
  <name>Пелагея</name>
  <name>Перегрина</name>
  <name>Перпетуя</name>
  <name>Перфилиевич</name>
  <name>Перфилиевна</name>
  <name>Перфилий</name>
  <name>Перфильевич</name>
  <name>Перфильевна</name>
  <name>Пётр</name>
  <name>Петра</name>
  <name>Петрина</name>
  <name>Петрович</name>
  <name>Петровна</name>
  <name>Петронилла</name>
  <name>Петрония</name>
  <name>Пиама</name>
  <name>Пимен</name>
  <name>Пименович</name>
  <name>Пименовна</name>
  <name>Пинна</name>
  <name>Питирим</name>
  <name>Питиримович</name>
  <name>Питиримовна</name>
  <name>Плакида</name>
  <name>Плакилла</name>
  <name>Платон</name>
  <name>Платонида</name>
  <name>Платонович</name>
  <name>Платоновна</name>
  <name>Полиевкт</name>
  <name>Полиевктович</name>
  <name>Полиевктовна</name>
  <name>Полиект</name>
  <name>Полиектович</name>
  <name>Полиектовна</name>
  <name>Поликарп</name>
  <name>Поликарпиевич</name>
  <name>Поликарпиевна</name>
  <name>Поликарпий</name>
  <name>Поликарпович</name>
  <name>Поликарповна</name>
  <name>Поликарпьевич</name>
  <name>Поликарпьевна</name>
  <name>Поликсена</name>
  <name>Поликсения</name>
  <name>Полина</name>
  <name>Поплия</name>
  <name>Порфир</name>
  <name>Порфириевич</name>
  <name>Порфириевна</name>
  <name>Порфирий</name>
  <name>Порфирович</name>
  <name>Порфировна</name>
  <name>Порфирьевич</name>
  <name>Порфирьевна</name>
  <name>Потап</name>
  <name>Потапиевич</name>
  <name>Потапиевна</name>
  <name>Потапий</name>
  <name>Потапович</name>
  <name>Потаповна</name>
  <name>Потапьевич</name>
  <name>Потапьевна</name>
  <name>Правдина</name>
  <name>Прасковья</name>
  <name>Прискилла</name>
  <name>Пров</name>
  <name>Прович</name>
  <name>Провна</name>
  <name>Прокл</name>
  <name>Проклович</name>
  <name>Прокловна</name>
  <name>Прокоп</name>
  <name>Прокопиевич</name>
  <name>Прокопиевна</name>
  <name>Прокопий</name>
  <name>Прокопович</name>
  <name>Прокоповна</name>
  <name>Прокопьевич</name>
  <name>Прокопьевна</name>
  <name>Прокофиевич</name>
  <name>Прокофиевна</name>
  <name>Прокофий</name>
  <name>Прокофьевич</name>
  <name>Прокофьевна</name>
  <name>Пропедигна</name>
  <name>Просдоха</name>
  <name>Протас</name>
  <name>Протасиевич</name>
  <name>Протасиевна</name>
  <name>Протасий</name>
  <name>Протасович</name>
  <name>Протасовна</name>
  <name>Протасьевич</name>
  <name>Протасьевна</name>
  <name>Прохор</name>
  <name>Прохорович</name>
  <name>Прохоровна</name>
  <name>Пульхерия</name>
  <name>Пульхерья</name>
  <name>Рада</name>
  <name>Радана</name>
  <name>Радиевич</name>
  <name>Радиевна</name>
  <name>Радий</name>
  <name>Радим</name>
  <name>Радимович</name>
  <name>Радимовна</name>
  <name>Радислав</name>
  <name>Радислава</name>
  <name>Радиславич</name>
  <name>Радиславна</name>
  <name>Радиславович</name>
  <name>Радиславовна</name>
  <name>Радмила</name>
  <name>Радован</name>
  <name>Радованович</name>
  <name>Радовановна</name>
  <name>Радомила</name>
  <name>Радомира</name>
  <name>Радосвета</name>
  <name>Радослава</name>
  <name>Радость</name>
  <name>Раиса</name>
  <name>Ратибор</name>
  <name>Ратиборович</name>
  <name>Ратиборовна</name>
  <name>Ратмир</name>
  <name>Ратмирович</name>
  <name>Ратмировна</name>
  <name>Рафаил</name>
  <name>Рафаила</name>
  <name>Рафаилович</name>
  <name>Рафаиловна</name>
  <name>Рахиль</name>
  <name>Ревекка</name>
  <name>Ревмира</name>
  <name>Регина</name>
  <name>Рем</name>
  <name>Рема</name>
  <name>Ремович</name>
  <name>Ремовна</name>
  <name>Рената</name>
  <name>Римма</name>
  <name>Рипсимия</name>
  <name>Роберт</name>
  <name>Роберта</name>
  <name>Робертович</name>
  <name>Робертовна</name>
  <name>Рогнеда</name>
  <name>Родион</name>
  <name>Родионович</name>
  <name>Родионовна</name>
  <name>Роза</name>
  <name>Розалина</name>
  <name>Розалинда</name>
  <name>Розалия</name>
  <name>Розина</name>
  <name>Роксана</name>
  <name>Роман</name>
  <name>Романа</name>
  <name>Романович</name>
  <name>Романовна</name>
  <name>Ростислав</name>
  <name>Ростислава</name>
  <name>Ростиславич</name>
  <name>Ростиславна</name>
  <name>Ростиславович</name>
  <name>Ростиславовна</name>
  <name>Рубен</name>
  <name>Рубенович</name>
  <name>Рубеновна</name>
  <name>Рувим</name>
  <name>Рувимович</name>
  <name>Рувимовна</name>
  <name>Рудольф</name>
  <name>Рудольфович</name>
  <name>Рудольфовна</name>
  <name>Русана</name>
  <name>Руслан</name>
  <name>Руслана</name>
  <name>Русланович</name>
  <name>Руслановна</name>
  <name>Руфина</name>
  <name>Руфиниана</name>
  <name>Руфь</name>
  <name>Рюрик</name>
  <name>Рюрикович</name>
  <name>Рюриковна</name>
  <name>Сабина</name>
  <name>Савва</name>
  <name>Савватеевич</name>
  <name>Савватеевна</name>
  <name>Савватей</name>
  <name>Савватиевич</name>
  <name>Савватиевна</name>
  <name>Савватий</name>
  <name>Савватия</name>
  <name>Савватьевич</name>
  <name>Савватьевна</name>
  <name>Саввич</name>
  <name>Саввична</name>
  <name>Савёл</name>
  <name>Савелиевич</name>
  <name>Савелиевна</name>
  <name>Савелий</name>
  <name>Савелла</name>
  <name>Савёлович</name>
  <name>Савёловна</name>
  <name>Савельевич</name>
  <name>Савельевна</name>
  <name>Савериевич</name>
  <name>Савериевна</name>
  <name>Саверий</name>
  <name>Саверьевич</name>
  <name>Саверьевна</name>
  <name>Савин</name>
  <name>Савина</name>
  <name>Савиниан</name>
  <name>Савинианович</name>
  <name>Савиниановна</name>
  <name>Савинович</name>
  <name>Савиновна</name>
  <name>Сакердон</name>
  <name>Сакердонович</name>
  <name>Сакердоновна</name>
  <name>Саломея</name>
  <name>Салтам</name>
  <name>Салтамович</name>
  <name>Салтамовна</name>
  <name>Сальвия</name>
  <name>Самойла</name>
  <name>Самойлович</name>
  <name>Самойловна</name>
  <name>Самона</name>
  <name>Самсон</name>
  <name>Самсониевич</name>
  <name>Самсониевна</name>
  <name>Самсоний</name>
  <name>Самсонович</name>
  <name>Самсоновна</name>
  <name>Самсоньевич</name>
  <name>Самсоньевна</name>
  <name>Самуил</name>
  <name>Самуилович</name>
  <name>Самуиловна</name>
  <name>Сарра</name>
  <name>Сатира</name>
  <name>Светислава</name>
  <name>Светлана</name>
  <name>Светозар</name>
  <name>Светозара</name>
  <name>Светозарович</name>
  <name>Светозаровна</name>
  <name>Свирид</name>
  <name>Свиридович</name>
  <name>Свиридовна</name>
  <name>Святополк</name>
  <name>Святополкович</name>
  <name>Святополковна</name>
  <name>Святослав</name>
  <name>Святослава</name>
  <name>Святославич</name>
  <name>Святославна</name>
  <name>Святославович</name>
  <name>Святославовна</name>
  <name>Себастьян</name>
  <name>Себастьянович</name>
  <name>Себастьяновна</name>
  <name>Севастьян</name>
  <name>Севастьяна</name>
  <name>Севастьянович</name>
  <name>Севастьяновна</name>
  <name>Северин</name>
  <name>Северина</name>
  <name>Северинович</name>
  <name>Севериновна</name>
  <name>Северьян</name>
  <name>Северьянович</name>
  <name>Северьяновна</name>
  <name>Секлетея</name>
  <name>Секлетинья</name>
  <name>Селена</name>
  <name>Селестина</name>
  <name>Селиван</name>
  <name>Селиванович</name>
  <name>Селивановна</name>
  <name>Селивёрст</name>
  <name>Селивёрстович</name>
  <name>Селивёрстовна</name>
  <name>Селина</name>
  <name>Селифан</name>
  <name>Селифанович</name>
  <name>Селифановна</name>
  <name>Семён</name>
  <name>Семёнович</name>
  <name>Семёновна</name>
  <name>Семион</name>
  <name>Семионович</name>
  <name>Семионовна</name>
  <name>Серапион</name>
  <name>Серапионович</name>
  <name>Серапионовна</name>
  <name>Серафим</name>
  <name>Серафима</name>
  <name>Серафимович</name>
  <name>Серафимовна</name>
  <name>Сергеевич</name>
  <name>Сергеевна</name>
  <name>Сергей</name>
  <name>Сибилла</name>
  <name>Сигизмунд</name>
  <name>Сигизмундович</name>
  <name>Сигизмундовна</name>
  <name>Сидор</name>
  <name>Сидорович</name>
  <name>Сидоровна</name>
  <name>Сила</name>
  <name>Силан</name>
  <name>Силанович</name>
  <name>Силановна</name>
  <name>Силантиевич</name>
  <name>Силантиевна</name>
  <name>Силантий</name>
  <name>Силантьевич</name>
  <name>Силантьевна</name>
  <name>Силич</name>
  <name>Силовна</name>
  <name>Силуян</name>
  <name>Силуянович</name>
  <name>Силуяновна</name>
  <name>Сильва</name>
  <name>Сильван</name>
  <name>Сильвана</name>
  <name>Сильванович</name>
  <name>Сильвановна</name>
  <name>Сильвестр</name>
  <name>Сильвестра</name>
  <name>Сильвестрович</name>
  <name>Сильвестровна</name>
  <name>Сильвия</name>
  <name>Симеон</name>
  <name>Симеонович</name>
  <name>Симеоновна</name>
  <name>Симон</name>
  <name>Симона</name>
  <name>Симонович</name>
  <name>Симоновна</name>
  <name>Синклитикия</name>
  <name>Сира</name>
  <name>Слава</name>
  <name>Смарагд</name>
  <name>Смарагдович</name>
  <name>Смарагдовна</name>
  <name>Снадулия</name>
  <name>Снежана</name>
  <name>Созон</name>
  <name>Созонович</name>
  <name>Созоновна</name>
  <name>Созонт</name>
  <name>Созонтиевич</name>
  <name>Созонтиевна</name>
  <name>Созонтий</name>
  <name>Созонтович</name>
  <name>Созонтовна</name>
  <name>Созонтьевич</name>
  <name>Созонтьевна</name>
  <name>Сократ</name>
  <name>Сократович</name>
  <name>Сократовна</name>
  <name>Сола</name>
  <name>Соломон</name>
  <name>Соломонида</name>
  <name>Соломония</name>
  <name>Соломонович</name>
  <name>Соломоновна</name>
  <name>Сосипатр</name>
  <name>Сосипатра</name>
  <name>Сосипатрович</name>
  <name>Сосипатровна</name>
  <name>София</name>
  <name>Софон</name>
  <name>Софониевич</name>
  <name>Софониевна</name>
  <name>Софоний</name>
  <name>Софонович</name>
  <name>Софоновна</name>
  <name>Софоньевич</name>
  <name>Софоньевна</name>
  <name>Софрон</name>
  <name>Софрониевич</name>
  <name>Софрониевна</name>
  <name>Софроний</name>
  <name>Софрония</name>
  <name>Софронович</name>
  <name>Софроновна</name>
  <name>Софроньевич</name>
  <name>Софроньевна</name>
  <name>Софья</name>
  <name>Спартак</name>
  <name>Спартакович</name>
  <name>Спартаковна</name>
  <name>Спиридон</name>
  <name>Спиридониевич</name>
  <name>Спиридониевна</name>
  <name>Спиридоний</name>
  <name>Спиридонович</name>
  <name>Спиридоновна</name>
  <name>Спиридоньевич</name>
  <name>Спиридоньевна</name>
  <name>Станимир</name>
  <name>Станимирович</name>
  <name>Станимировна</name>
  <name>Станислав</name>
  <name>Станислава</name>
  <name>Станиславич</name>
  <name>Станиславна</name>
  <name>Станиславович</name>
  <name>Станиславовна</name>
  <name>Стахиевич</name>
  <name>Стахиевна</name>
  <name>Стахий</name>
  <name>Стелла</name>
  <name>Степан</name>
  <name>Степанида</name>
  <name>Степанович</name>
  <name>Степановна</name>
  <name>Стефанида</name>
  <name>Стефания</name>
  <name>Стоян</name>
  <name>Стоянович</name>
  <name>Стояновна</name>
  <name>Стратоник</name>
  <name>Стратоникович</name>
  <name>Стратониковна</name>
  <name>Сусанна</name>
  <name>Сысоевич</name>
  <name>Сысоевна</name>
  <name>Сысой</name>
  <name>Сюзанна</name>
  <name>Тавифа</name>
  <name>Таисия</name>
  <name>Таисья</name>
  <name>Тамара</name>
  <name>Тарас</name>
  <name>Тарасия</name>
  <name>Тарасович</name>
  <name>Тарасовна</name>
  <name>Татьяна</name>
  <name>Твердислав</name>
  <name>Твердиславич</name>
  <name>Твердиславна</name>
  <name>Твердиславович</name>
  <name>Твердиславовна</name>
  <name>Творимир</name>
  <name>Творимирович</name>
  <name>Творимировна</name>
  <name>Текуса</name>
  <name>Тереза</name>
  <name>Терентиевич</name>
  <name>Терентиевна</name>
  <name>Терентий</name>
  <name>Терентьевич</name>
  <name>Терентьевна</name>
  <name>Тертиевич</name>
  <name>Тертиевна</name>
  <name>Тертий</name>
  <name>Тигран</name>
  <name>Тигранович</name>
  <name>Тиграновна</name>
  <name>Тигриевич</name>
  <name>Тигриевна</name>
  <name>Тигрий</name>
  <name>Тигрия</name>
  <name>Тимофеевич</name>
  <name>Тимофеевна</name>
  <name>Тимофей</name>
  <name>Тимур</name>
  <name>Тимурович</name>
  <name>Тимуровна</name>
  <name>Тит</name>
  <name>Титович</name>
  <name>Титовна</name>
  <name>Тихомира</name>
  <name>Тихон</name>
  <name>Тихонович</name>
  <name>Тихоновна</name>
  <name>Тихослава</name>
  <name>Тома</name>
  <name>Томила</name>
  <name>Транквиллина</name>
  <name>Тристан</name>
  <name>Тристанович</name>
  <name>Тристановна</name>
  <name>Трифена</name>
  <name>Трифилиевич</name>
  <name>Трифилиевна</name>
  <name>Трифилий</name>
  <name>Трифильевич</name>
  <name>Трифильевна</name>
  <name>Трифон</name>
  <name>Трифонович</name>
  <name>Трифоновна</name>
  <name>Трофим</name>
  <name>Трофима</name>
  <name>Трофимович</name>
  <name>Трофимовна</name>
  <name>Уар</name>
  <name>Уарович</name>
  <name>Уаровна</name>
  <name>Увар</name>
  <name>Уварович</name>
  <name>Уваровна</name>
  <name>Улита</name>
  <name>Ульян</name>
  <name>Ульяна</name>
  <name>Ульянович</name>
  <name>Ульяновна</name>
  <name>Урбана</name>
  <name>Урсула</name>
  <name>Устин</name>
  <name>Устина</name>
  <name>Устиния</name>
  <name>Устинович</name>
  <name>Устиновна</name>
  <name>Устинья</name>
  <name>Фабиан</name>
  <name>Фабиана</name>
  <name>Фабианович</name>
  <name>Фабиановна</name>
  <name>Фавста</name>
  <name>Фавстина</name>
  <name>Фаддеевич</name>
  <name>Фаддеевна</name>
  <name>Фаддей</name>
  <name>Фадеевич</name>
  <name>Фадеевна</name>
  <name>Фадей</name>
  <name>Фаина</name>
  <name>Фалалеевич</name>
  <name>Фалалеевна</name>
  <name>Фалалей</name>
  <name>Фантина</name>
  <name>Фатьян</name>
  <name>Фатьянович</name>
  <name>Фатьяновна</name>
  <name>Феврония</name>
  <name>Февронья</name>
  <name>Федоза</name>
  <name>Фёдор</name>
  <name>Федора</name>
  <name>Фёдорович</name>
  <name>Фёдоровна</name>
  <name>Федос</name>
  <name>Федосеевич</name>
  <name>Федосеевна</name>
  <name>Федосей</name>
  <name>Федосиевич</name>
  <name>Федосиевна</name>
  <name>Федосий</name>
  <name>Федосия</name>
  <name>Федосович</name>
  <name>Федосовна</name>
  <name>Федосьевич</name>
  <name>Федосьевна</name>
  <name>Федосья</name>
  <name>Федот</name>
  <name>Федотиевич</name>
  <name>Федотиевна</name>
  <name>Федотий</name>
  <name>Федотия</name>
  <name>Федотович</name>
  <name>Федотовна</name>
  <name>Федотьевич</name>
  <name>Федотьевна</name>
  <name>Федотья</name>
  <name>Федул</name>
  <name>Федула</name>
  <name>Федулович</name>
  <name>Федуловна</name>
  <name>Фёкла</name>
  <name>Фекуса</name>
  <name>Феликс</name>
  <name>Феликса</name>
  <name>Феликсович</name>
  <name>Феликсовна</name>
  <name>Фелица</name>
  <name>Фелицата</name>
  <name>Фелиция</name>
  <name>Фемистокл</name>
  <name>Фемистоклович</name>
  <name>Фемистокловна</name>
  <name>Феогния</name>
  <name>Феогност</name>
  <name>Феогностович</name>
  <name>Феогностовна</name>
  <name>Феодора</name>
  <name>Феодосия</name>
  <name>Феодота</name>
  <name>Феодотия</name>
  <name>Феодула</name>
  <name>Феодулия</name>
  <name>Феозва</name>
  <name>Феоктист</name>
  <name>Феоктиста</name>
  <name>Феоктистович</name>
  <name>Феоктистовна</name>
  <name>Феона</name>
  <name>Феонилла</name>
  <name>Феония</name>
  <name>Феопемпт</name>
  <name>Феопемптович</name>
  <name>Феопемптовна</name>
  <name>Феопистия</name>
  <name>Феосевия</name>
  <name>Феофан</name>
  <name>Феофания</name>
  <name>Феофанович</name>
  <name>Феофановна</name>
  <name>Феофил</name>
  <name>Феофила</name>
  <name>Феофилакт</name>
  <name>Феофилактович</name>
  <name>Феофилактовна</name>
  <name>Феофилович</name>
  <name>Феофиловна</name>
  <name>Ферапонт</name>
  <name>Ферапонтович</name>
  <name>Ферапонтовна</name>
  <name>Фервуфа</name>
  <name>Фессалоника</name>
  <name>Фессалоникия</name>
  <name>Фетиния</name>
  <name>Фетинья</name>
  <name>Фея</name>
  <name>Фива</name>
  <name>Фивея</name>
  <name>Филарет</name>
  <name>Филарета</name>
  <name>Филаретович</name>
  <name>Филаретовна</name>
  <name>Филат</name>
  <name>Филатович</name>
  <name>Филатовна</name>
  <name>Филимон</name>
  <name>Филимонович</name>
  <name>Филимоновна</name>
  <name>Филипиевич</name>
  <name>Филипиевна</name>
  <name>Филипий</name>
  <name>Филипп</name>
  <name>Филиппа</name>
  <name>Филиппия</name>
  <name>Филиппович</name>
  <name>Филипповна</name>
  <name>Филипьевич</name>
  <name>Филипьевна</name>
  <name>Филомена</name>
  <name>Филонилла</name>
  <name>Филофеевич</name>
  <name>Филофеевна</name>
  <name>Филофей</name>
  <name>Филофея</name>
  <name>Фирс</name>
  <name>Фирсович</name>
  <name>Фирсовна</name>
  <name>Фиста</name>
  <name>Флавия</name>
  <name>Флегонт</name>
  <name>Флегонтович</name>
  <name>Флегонтовна</name>
  <name>Флёна</name>
  <name>Флора</name>
  <name>Флорентиевич</name>
  <name>Флорентиевна</name>
  <name>Флорентий</name>
  <name>Флорентин</name>
  <name>Флорентина</name>
  <name>Флорентинович</name>
  <name>Флорентиновна</name>
  <name>Флорентьевич</name>
  <name>Флорентьевна</name>
  <name>Флоренция</name>
  <name>Флориан</name>
  <name>Флориана</name>
  <name>Флорианович</name>
  <name>Флориановна</name>
  <name>Флорида</name>
  <name>Фока</name>
  <name>Фокич</name>
  <name>Фокична</name>
  <name>Фома</name>
  <name>Фомаида</name>
  <name>Фоминична</name>
  <name>Фомич</name>
  <name>Фортунат</name>
  <name>Фортуната</name>
  <name>Фортунатович</name>
  <name>Фортунатовна</name>
  <name>Фотиевич</name>
  <name>Фотиевна</name>
  <name>Фотий</name>
  <name>Фотина</name>
  <name>Фотиния</name>
  <name>Фотинья</name>
  <name>Фотьевич</name>
  <name>Фотьевна</name>
  <name>Франциска</name>
  <name>Фрида</name>
  <name>Фридерика</name>
  <name>Фридрих</name>
  <name>Фридрихович</name>
  <name>Фридриховна</name>
  <name>Фрол</name>
  <name>Фролович</name>
  <name>Фроловна</name>
  <name>Хаврония</name>
  <name>Хариесса</name>
  <name>Хариса</name>
  <name>Харита</name>
  <name>Харитина</name>
  <name>Харитон</name>
  <name>Харитониевич</name>
  <name>Харитониевна</name>
  <name>Харитоний</name>
  <name>Харитонович</name>
  <name>Харитоновна</name>
  <name>Харитоньевич</name>
  <name>Харитоньевна</name>
  <name>Харлам</name>
  <name>Харламович</name>
  <name>Харламовна</name>
  <name>Харламп</name>
  <name>Харлампиевич</name>
  <name>Харлампиевна</name>
  <name>Харлампий</name>
  <name>Харлампович</name>
  <name>Харламповна</name>
  <name>Харлампьевич</name>
  <name>Харлампьевна</name>
  <name>Хиония</name>
  <name>Хриса</name>
  <name>Хрисанф</name>
  <name>Хрисанфович</name>
  <name>Хрисанфовна</name>
  <name>Хрисия</name>
  <name>Христиана</name>
  <name>Христина</name>
  <name>Христофор</name>
  <name>Христофорович</name>
  <name>Христофоровна</name>
  <name>Цвета</name>
  <name>Цветана</name>
  <name>Целестина</name>
  <name>Цецилия</name>
  <name>Шарлотта</name>
  <name>Шушаника</name>
  <name>Эвелина</name>
  <name>Эгина</name>
  <name>Эдит</name>
  <name>Эдита</name>
  <name>Эдуард</name>
  <name>Эдуардович</name>
  <name>Эдуардовна</name>
  <name>Элеонора</name>
  <name>Элисса</name>
  <name>Элла</name>
  <name>Эллада</name>
  <name>Эллина</name>
  <name>Элоиза</name>
  <name>Эльвира</name>
  <name>Эльза</name>
  <name>Эльмира</name>
  <name>Эмилиана</name>
  <name>Эмилиевич</name>
  <name>Эмилиевна</name>
  <name>Эмилий</name>
  <name>Эмилия</name>
  <name>Эмиль</name>
  <name>Эмильевич</name>
  <name>Эмильевна</name>
  <name>Эмма</name>
  <name>Эммануил</name>
  <name>Эммануилович</name>
  <name>Эммануиловна</name>
  <name>Эннафа</name>
  <name>Эра</name>
  <name>Эразм</name>
  <name>Эразмович</name>
  <name>Эразмовна</name>
  <name>Эраст</name>
  <name>Эрастович</name>
  <name>Эрастовна</name>
  <name>Эрна</name>
  <name>Эрнест</name>
  <name>Эрнеста</name>
  <name>Эрнестина</name>
  <name>Эрнестович</name>
  <name>Эрнестовна</name>
  <name>Эрнст</name>
  <name>Эрнстович</name>
  <name>Эрнстовна</name>
  <name>Эсмеральда</name>
  <name>Эсфирь</name>
  <name>Ювеналиевич</name>
  <name>Ювеналиевна</name>
  <name>Ювеналий</name>
  <name>Ювенальевич</name>
  <name>Ювенальевна</name>
  <name>Юдифь</name>
  <name>Юлиан</name>
  <name>Юлиана</name>
  <name>Юлиания</name>
  <name>Юлианович</name>
  <name>Юлиановна</name>
  <name>Юлиевич</name>
  <name>Юлиевна</name>
  <name>Юлий</name>
  <name>Юлия</name>
  <name>Юльевич</name>
  <name>Юльевна</name>
  <name>Юния</name>
  <name>Юнона</name>
  <name>Юрий</name>
  <name>Юрия</name>
  <name>Юрьевич</name>
  <name>Юрьевна</name>
  <name>Юстин</name>
  <name>Юстина</name>
  <name>Юстинович</name>
  <name>Юстиновна</name>
  <name>Ядвига</name>
  <name>Яким</name>
  <name>Якимович</name>
  <name>Якимовна</name>
  <name>Яков</name>
  <name>Яковлевич</name>
  <name>Яковлевна</name>
  <name>Якуб</name>
  <name>Якубович</name>
  <name>Якубовна</name>
  <name>Ян</name>
  <name>Яна</name>
  <name>Янина</name>
  <name>Янович</name>
  <name>Яновна</name>
  <name>Януариевич</name>
  <name>Януариевна</name>
  <name>Януарий</name>
  <name>Януарьевич</name>
  <name>Януарьевна</name>
  <name>Ярополк</name>
  <name>Ярополкович</name>
  <name>Ярополковна</name>
  <name>Ярослав</name>
  <name>Ярослава</name>
  <name>Ярославич</name>
  <name>Ярославна</name>
  <name>Ярославович</name>
  <name>Ярославовна</name>
</names>